{"Via": [[69.0612264, 121.05436400000008, 239.88791071683002, 132.56951600000002]], " Email to ContactDOJ@MT.Gov": [[69.0612264, 121.05436400000008, 239.88791071683002, 132.56951600000002]], "Attention": [[69.0612264, 134.4887080000001, 259.87710718808995, 146.00386000000003]], " Office of the Attorney General": [[69.0612264, 134.4887080000001, 259.87710718808995, 146.00386000000003]], "Montana Peace Office Standards and Training": [[69.0612264, 147.92305199999998, 281.20810573728005, 159.43820399999993]], "215 N Sanders St.": [[69.0612264, 161.357396, 152.19022461767997, 172.87254799999994]], "Helena, MT 59601": [[69.0612264, 174.79174, 156.12326146115998, 186.30689199999995]], "\u200b": [[103.5918396, 188.22608400000001, 103.5918396, 199.74123599999996], [138.1224528, 188.22608400000001, 138.1224528, 199.74123599999996], [172.653066, 188.22608400000001, 172.653066, 199.74123599999996], [207.1836792, 188.22608400000001, 207.1836792, 199.74123599999996], [241.7142924, 188.22608400000001, 241.7142924, 199.74123599999996], [276.2449056, 188.22608400000001, 276.2449056, 199.74123599999996], [103.5918396, 215.09477200000003, 103.5918396, 226.60992399999998], [138.1224528, 215.09477200000003, 138.1224528, 226.60992399999998], [172.653066, 215.09477200000003, 172.653066, 226.60992399999998], [207.1836792, 215.09477200000003, 207.1836792, 226.60992399999998], [241.7142924, 215.09477200000003, 241.7142924, 226.60992399999998], [276.2449056, 215.09477200000003, 276.2449056, 226.60992399999998], [103.5918396, 241.96346000000005, 103.5918396, 253.478612], [138.1224528, 241.96346000000005, 138.1224528, 253.478612], [172.653066, 241.96346000000005, 172.653066, 253.478612], [207.1836792, 241.96346000000005, 207.1836792, 253.478612], [241.7142924, 241.96346000000005, 241.7142924, 253.478612], [276.2449056, 241.96346000000005, 276.2449056, 253.478612]], "8/15/2019": [[69.0612264, 201.66042800000002, 115.74201136463999, 213.17557999999997]], "To Whom It May Concern,": [[69.0612264, 228.52911600000004, 193.88066454633, 240.044268]], "Please accept this letter as a request, pursuant to the Montana Public Records Act \u00a7 2-6-1001 et": [[69.0612264, 255.39780400000006, 508.5604446788099, 266.912956]], "seq., for a copy of all records detailed below. For the purposes of this request, \u201cofficer\u201d means a": [[69.0612264, 268.83214799999996, 509.704165730853, 280.3472999999999]], "sworn member of all sworn law enforcement officers in the state of Montana of any rank, and": [[69.0612264, 282.26649199999997, 499.59610565535, 293.781644]], "\u201cdata\u201d means logs or spreadsheets showing individual information. I request the following": [[69.0612264, 295.700836, 488.4378257548797, 307.215988]], "1. Any data maintained by your agency sufficient to show all officers who have been certified": [[86.326533, 309.13518, 516.5480469405599, 320.650332]], "by the state, dating back as far as is maintained, year-by-year, showing as much of the": [[103.5918396, 322.56952399999994, 499.23439748207977, 334.08467599999994]], "following information as is maintained": [[103.5918396, 336.00386799999995, 285.80067729288004, 347.51901999999995]], "a. First name": [[120.8571462, 349.43821199999996, 180.63481724117997, 360.95336399999997]], "b. Middle name or initial": [[120.8571462, 362.872556, 235.61388406799998, 374.387708]], "c. Last name": [[120.8571462, 376.3069, 179.34107026662, 387.822052]], "d. Badge/star number": [[120.8571462, 389.741244, 219.62390811551998, 401.256396]], "e. Employee number": [[120.8571462, 403.17558799999995, 216.42004272077995, 414.69073999999995]], "f. Date of certification": [[120.8571462, 416.60993199999996, 222.48313880684998, 428.12508399999996]], "g. Date of decertification (if applicable)": [[120.8571462, 430.04427599999997, 303.01073491176004, 441.55942799999997]], "h. Department": [[120.8571462, 443.47862, 186.69781740888, 454.993772]], "i. Rank": [[120.8571462, 456.912964, 154.10590630332, 468.428116]], "j. Gender": [[120.8571462, 470.347308, 163.68239636412, 481.86246]], "k. Race": [[120.8571462, 483.78165199999995, 155.37164511384, 495.29680399999995]], "l. Year of birth": [[120.8571462, 497.21599599999996, 188.10705010092, 508.73114799999996]], "m. Date of separation from department if applicable": [[120.8571462, 510.65033999999997, 359.9106630162001, 522.165492]], "n. Reason for separation (e.g., termination, resignation, retirement), if applicable": [[120.8571462, 524.0846839999999, 491.5985278831198, 535.599836]], "o. Unique identifier, certification number, badge, and/or employee number": [[120.8571462, 537.5190279999999, 462.5836046316, 549.03418]], "Please email the documents or files, and any communications, to foia@invisibleinstitute.com.": [[69.0612264, 564.387716, 500.33985669633, 575.902868]], "This request was not made for a commercial purpose. Specifically, I am writing on behalf of the": [[69.0612264, 591.256404, 510.0344222705999, 602.7715559999999]], "Invisible Institute, an award-winning nonprofit journalistic production company based in": [[69.0612264, 604.690748, 477.58370300568, 616.2058999999999]], "Chicago\u2019s Woodlawn neighborhood. The Invisible Institute\u2019s mission is to enhance the capacity": [[69.0612264, 618.125092, 509.28088755588, 629.6402439999999]], "of citizens to hold public institutions accountable, and to disseminate information to members of": [[69.0612264, 631.559436, 513.3735325670399, 643.074588]], "the general public concerning their safety, welfare, and legal rights. I am requesting these": [[69.0612264, 644.99378, 479.95969694894995, 656.508932]], "documents in order to fulfill that mission. As such, I request a fee waiver for this data. Because": [[69.0612264, 658.428124, 506.3269854333601, 669.943276]], "this goal concerns information regarding the safety, welfare, and legal rights of the public, a fee": [[69.0612264, 671.862468, 508.72225896899994, 683.37762]], "waiver is in the public interest. To the extent that you intend to assess any charges, please notify": [[69.0612264, 685.296812, 510.75006922916987, 696.811964]], "me to discuss first.": [[69.0612264, 698.731156, 154.75239611712, 710.246308]], "Thank you for your time and prompt attention to this matter. Please contact me should you have": [[69.0612264, 712.1655000000001, 510.49943452836, 723.680652]], "any questions related to this request.": [[69.0612264, 725.5998440000001, 236.55541878792002, 737.114996]], "Rebecca Boorstein": [[69.0612264, 752.468532, 155.67091042823998, 763.9836839999999]], "Invisible Institute": [[69.0612264, 765.902876, 149.94113067791997, 777.4180279999999], [69.0612264, 5.902476000000092, 149.94113067791997, 17.417628000000036]], "Experimental Station": [[69.0612264, 19.336820000000102, 166.55035562711996, 30.851972000000046]], "6100 South Blackstone Avenue": [[69.0612264, 32.77116400000011, 213.66852835895995, 44.286316000000056]], "Chicago, Illinois 60637": [[69.0612264, 46.20550800000012, 177.43900898951995, 57.720660000000066]], "foia@invisibleinstitute.com": [[69.0612264, 59.63985200000013, 196.97988299939996, 71.15500400000008]]}