{"Contract #": [[223.56, 30.617807699999958, 277.2220578, 20.67670769999995]], "28735": [[289.56, 31.92094852499997, 324.78577896, 20.901873525000042]], "Date Entered": [[447.72, 28.475682389999974, 483.47627315700004, 23.085912389999976]], "09/25/20": [[503.52, 30.357990704999906, 531.7330997595, 23.411175705000005]], "Schedule Dates": [[223.56, 39.39568238999993, 265.567328403, 34.005912389999935]], "09/29/20-10/18/20": [[289.56, 41.27799070499998, 348.562078521, 34.33117570500008]], "Last Modified": [[447.72, 39.995682389999956, 484.23569175, 34.60591238999996]], "KIEM": [[115.44, 55.06439069999999, 133.44906827999998, 46.08141569999998]], "Advertiser": [[223.56, 51.0396479625, 254.73684682500001, 45.0510104624999]], "Estelle Fennell for Supervisor (3297)": [[289.56, 52.55799070499995, 401.2557543405, 45.61117570500005]], "Entered By": [[447.72, 51.51568238999994, 477.437035872, 46.12591238999994]], "JENNY OLSZEWSKI": [[503.52, 51.71799070499992, 562.6165552049999, 44.77117570500002]], "5650 South Broadway": [[115.44, 65.38439070000004, 187.53915394499998, 56.40141570000003]], "Agency": [[223.56, 63.39964796250001, 245.33468595, 57.41101046249992]], "Estelle Fennell for Supervisor (1640)": [[289.56, 65.27799070499998, 401.2557543405, 58.33117570500008]], "CO-OP": [[447.72, 63.03568238999992, 465.53318985000004, 57.64591238999992]], "No": [[503.52, 63.35799070499991, 511.9291195575, 56.411175705000005]], "Eureka, CA": [[115.44, 76.06439069999999, 153.030157185, 67.08141569999998]], "95503": [[157.17130866, 76.06439069999999, 177.546492555, 67.08141569999998]], "Product": [[223.56, 75.39568238999993, 244.86576080999998, 70.00591238999993]], "CITY/COUNTY POLITICAL RACES (1087)": [[289.56, 77.27799070499998, 414.459565611, 70.33117570500008]], "Headline #": [[447.72, 74.8204758149999, 478.127178855, 69.310930815]], "Brand": [[223.56, 87.39568238999993, 239.802610872, 82.00591238999993]], "2020 (12967)": [[289.56, 89.27799070499998, 331.5319615485, 82.33117570500008]], "Demo": [[447.72, 86.19568239, 463.50070758300006, 80.80591239]], "Salesperson": [[223.56, 99.39568238999993, 256.53461286, 94.00591238999993]], "OLSZEWSKI, JENNY (1060)": [[289.56, 101.27799070499998, 373.65119557500003, 94.33117570500008]], "Order Type": [[447.72, 97.71568238999998, 477.91079665500007, 92.32591238999998]], "Normal": [[505.32, 99.3579907049999, 527.3935046625, 92.411175705]], "Package Deal": [[447.72, 108.39568238999993, 484.237847658, 103.00591238999993]], "Sales Office": [[223.56, 112.11568238999996, 255.563915283, 106.72591238999996]], "KVIQ LOCAL": [[289.56, 113.39799070499998, 327.77512399650004, 106.45117570500008]], "Estelle Fennell for Supervisor": [[27.96, 124.4243907, 124.147899705, 115.4414157]], "Buyer Name": [[223.56, 124.59568238999998, 256.82242657800003, 119.20591238999998]], "Fennell,Estelle": [[289.56, 125.27799070499998, 333.39440265, 118.33117570500008]], "Commission %": [[447.72, 119.91568238999992, 488.74207844700004, 114.52591238999992]], "15.00": [[504.12, 121.79799070499996, 521.539833294, 114.85117570500006]], "PO Box 333": [[27.96, 135.10439070000007, 67.77344349750001, 126.12141570000006]], "Phone/Fax": [[223.56, 135.39568238999993, 253.31692016999997, 130.00591238999993]], "(707) 223-5618 /": [[289.56, 137.27799070499998, 342.710081565, 130.33117570500008]], "Commission": [[447.72, 133.11568238999996, 480.648799815, 127.72591238999996]], "$990.00": [[504.12, 134.9979907049999, 529.2216213209999, 128.051175705]], "Redway, CA": [[27.96, 145.6643907, 68.74629969, 136.6814157]], "95560": [[72.887451165, 145.6643907, 93.31743120750001, 136.6814157]], "CPE": [[223.56, 147.39568238999993, 234.08622081000001, 142.00591238999993]], "N/A": [[289.56, 149.51799070499987, 301.02224475, 142.57117570499997]], "Net Total": [[447.72, 146.31568239, 472.85249751000003, 140.92591239]], "$5,610.00": [[504.12, 148.19799070499994, 535.263961008, 141.25117570500004]], "Account Types": [[223.56, 159.39568238999993, 263.016350262, 154.00591238999993]], "Local/Political Candidate": [[289.56, 161.27799070499998, 363.462996696, 154.33117570500008]], "Sales Tax": [[447.72, 157.83568239, 473.50573763400007, 152.44591239]], "Billing Type": [[223.56, 171.39568238999993, 255.406533999, 166.00591238999993]], "Calendar": [[289.56, 173.27799070499998, 316.410829338, 166.33117570500008]], "Comments": [[223.56, 183.15568238999992, 252.602775645, 177.76591238999993]], "Line": [[25.08, 303.39964796249996, 35.864338409999995, 297.4110104625]], "Line Type / Break Type (Ref #)": [[54.599999999999994, 303.39964796249996, 137.695938495, 297.4110104625]], "Dates": [[176.16, 303.39964796249996, 191.16033921, 297.4110104625]], "Sec": [[220.44, 303.39964796249996, 229.6517222025, 297.4110104625]], "Length": [[236.64, 303.39964796249996, 254.8274920875, 297.4110104625]], "Run Times": [[284.4, 303.2796479625, 312.34058712, 297.2910104625]], "SPW": [[339.36, 303.39964796249996, 351.45225684, 297.4110104625]], "Mo": [[357.36, 303.5196479625, 365.28296741250006, 297.53101046250003]], "Tu": [[372.71999999999997, 303.5196479625, 379.53506947499994, 297.53101046250003]], "We": [[385.79999999999995, 303.5196479625, 394.35117548625, 297.53101046250003]], "Th": [[399.72, 303.5196479625, 406.535069475, 297.53101046250003]], "Fr": [[413.88, 303.5196479625, 419.15898395625, 297.53101046250003]], "Sa": [[426.24, 303.5196479625, 432.72030463875, 297.53101046250003]], "Su": [[439.20000000000005, 303.5196479625, 445.87792967625006, 297.53101046250003]], "Spots": [[453.71636399999994, 303.63964796249996, 468.37055996249995, 297.6510104625]], "Rate": [[485.28, 303.63964796249996, 497.26206591, 297.6510104625]], "Total": [[536.28, 303.63964796249996, 549.49392864375, 297.6510104625]], "1.0Normal Line / SPOT": [[35.04, 315.8796479625, 96.9104803275, 309.8910104625]], "09/29/20-10/02/20": [[149.16, 315.8796479625, 199.48192204875, 309.8910104625]], "5": [[227.16, 315.8796479625, 230.42979607499998, 309.8910104625]], "306A- 7A (PST)": [[250.07999999999998, 315.8796479625, 294.79647763500003, 309.8910104625]], "1": [[374.15999999999997, 315.8796479625, 377.42979607499996, 309.8910104625]], "4": [[465.96, 315.8796479625, 469.22979607499997, 309.8910104625]], "$15.00": [[493.91999999999996, 315.75964796249997, 511.93981023749996, 309.7710104625]], "$60.00NBC - CA (KIEM)": [[554.16, 315.8796479625, 618.9409663987499, 309.7710104625]], "2.0Normal Line / SPOT": [[35.04, 327.9996479625, 96.9104803275, 322.0110104625]], "307A- 9A (PST)": [[250.07999999999998, 327.9996479625, 294.79647763500003, 322.0110104625]], "$35.00": [[493.91999999999996, 327.8796479625, 511.93981023749996, 321.8910104625]], "$140.00NBC - CA (KIEM)": [[550.92, 327.9996479625, 618.9409663987499, 321.8910104625]], "3.0Normal Line / SPOT": [[35.04, 339.9996479625, 96.9104803275, 334.0110104625]], ":305P- 5:30P (PST)": [[250.07999999999998, 339.9996479625, 303.07996102499993, 334.0110104625]], "$135.00": [[490.6735069125, 339.9996479625, 511.96910186250017, 334.0110104625]], "$540.00NBC - CA (KIEM)": [[550.92, 339.9996479625, 618.9409663987499, 334.0110104625]], "4.1Normal Line / SPOT": [[35.04, 352.1196479625, 96.9104803275, 346.1310104625]], "09/30/20-10/02/20": [[149.16, 352.1196479625, 199.47653227499998, 346.1310104625]], ":306P- 6:30P (PST)": [[250.07999999999998, 352.1196479625, 303.07996102499993, 346.1310104625]], "3": [[465.96, 352.1196479625, 469.22979607499997, 346.1310104625]], "$405.00NBC - CA (KIEM)": [[550.92, 352.1196479625, 618.9409663987499, 346.0110104625]], "5.0Normal Line / SPOT": [[35.04, 364.2396479625, 96.9104803275, 358.2510104625]], ":3011P- 11:35P (PST)": [[250.07999999999998, 364.2396479625, 309.57823157624995, 358.2510104625]], "$100.00": [[490.68, 364.1196479625, 511.9336744875, 358.1310104625]], "$400.00NBC - CA (KIEM)": [[550.92, 364.2396479625, 618.9409663987499, 358.1310104625]], "6.0Normal Line / SPOT": [[35.04, 376.3596479625, 96.9104803275, 370.3710104625]],