{"Lierman": [[30.0, 32.139999999999986, 107.8, 52.139999999999986], [30.0, 32.139999999999986, 107.8, 52.139999999999986]], "Station": [[30.0, 71.07000000000005, 63.89, 81.07000000000005], [30.0, 71.07000000000005, 63.89, 81.07000000000005]], "EBOC-TV": [[95.0, 71.07000000000005, 139.45, 81.07000000000005], [95.0, 71.07000000000005, 139.45, 81.07000000000005]], "Buyer": [[380.0, 71.07000000000005, 408.34, 81.07000000000005], [380.0, 71.07000000000005, 408.34, 81.07000000000005]], "James Wells": [[435.0, 71.07000000000005, 491.67, 81.07000000000005], [435.0, 71.07000000000005, 491.67, 81.07000000000005]], "Market": [[30.0, 86.07000000000005, 62.230000000000004, 96.07000000000005], [30.0, 86.07000000000005, 62.230000000000004, 96.07000000000005]], "Salisbury-Ocean City": [[95.0, 86.07000000000005, 188.91000000000003, 96.07000000000005], [95.0, 86.07000000000005, 188.91000000000003, 96.07000000000005]], "Email": [[380.0, 86.07000000000005, 406.67999999999995, 96.07000000000005], [380.0, 86.07000000000005, 406.67999999999995, 96.07000000000005]], "James.Wells@screenstrategies.com": [[435.0, 86.07000000000005, 596.85, 96.07000000000005], [435.0, 86.07000000000005, 596.85, 96.07000000000005]], "Flight Dates7/12/2022 - 7/19/2022 (Est. 7916)": [[30.0, 101.07000000000005, 244.54000000000005, 111.07000000000005], [30.0, 101.07000000000005, 244.54000000000005, 111.07000000000005]], "Phone": [[380.0, 101.07000000000005, 410.56, 111.07000000000005], [380.0, 101.07000000000005, 410.56, 111.07000000000005]], "703-272-7300": [[435.0, 101.07000000000005, 497.26, 111.07000000000005], [523.96, 746.313, 579.994, 755.313], [435.0, 101.07000000000005, 497.26, 111.07000000000005], [523.96, 746.313, 579.994, 755.313]], "Program Name": [[33.0, 129.07000000000005, 104.13000000000001, 139.07000000000005], [33.0, 129.07000000000005, 104.13000000000001, 139.07000000000005]], "DP": [[154.05, 129.07000000000005, 167.94, 139.07000000000005], [154.05, 129.07000000000005, 167.94, 139.07000000000005]], "Days": [[196.55, 129.07000000000005, 220.45000000000002, 139.07000000000005], [196.55, 129.07000000000005, 220.45000000000002, 139.07000000000005]], "Rate": [[260.16, 129.07000000000005, 281.83000000000004, 139.07000000000005], [260.16, 129.07000000000005, 281.83000000000004, 139.07000000000005]], "TueWedThuFri": [[309.6, 129.07000000000005, 429.89, 139.07000000000005]], "SatSunMon": [[450.72, 129.07000000000005, 538.7700000000001, 139.07000000000005]], "Length": [[191.83, 140.57000000000005, 225.16000000000003, 150.57000000000005], [191.83, 140.57000000000005, 225.16000000000003, 150.57000000000005]], "7/127/137/147/157/167/177/18": [[308.76, 140.57000000000005, 538.2299999999999, 150.57000000000005]], "EBOC 5p News": [[33.0, 179.07000000000005, 103.02000000000001, 189.07000000000005], [33.0, 179.07000000000005, 103.02000000000001, 189.07000000000005]], "EN": [[154.05, 179.07000000000005, 167.94, 189.07000000000005], [154.05, 179.07000000000005, 167.94, 189.07000000000005]], "M-F": [[199.61, 179.07000000000005, 217.38, 189.07000000000005], [199.61, 232.08000000000004, 217.38, 242.08000000000004], [199.61, 285.08, 217.38, 295.08], [199.61, 338.08, 217.38, 348.08], [199.61, 179.07000000000005, 217.38, 189.07000000000005], [199.61, 232.08000000000004, 217.38, 242.08000000000004], [199.61, 285.08, 217.38, 295.08], [199.61, 338.08, 217.38, 348.08]], "$100.00": [[243.0, 179.07000000000005, 279.14, 189.07000000000005], [243.0, 179.07000000000005, 279.14, 189.07000000000005]], "1": [[315.72, 179.07000000000005, 321.28000000000003, 189.07000000000005], [350.72, 179.07000000000005, 356.28000000000003, 189.07000000000005], [420.72, 179.07000000000005, 426.28000000000003, 189.07000000000005], [525.71, 179.07000000000005, 531.27, 189.07000000000005], [315.72, 232.08000000000004, 321.28000000000003, 242.08000000000004], [385.72, 232.08000000000004, 391.28000000000003, 242.08000000000004], [525.71, 232.08000000000004, 531.27, 242.08000000000004], [315.72, 285.08, 321.28000000000003, 295.08], [350.72, 285.08, 356.28000000000003, 295.08], [420.72, 285.08, 426.28000000000003, 295.08], [525.71, 285.08, 531.27, 295.08], [385.72, 338.08, 391.28000000000003, 348.08], [560.71, 338.08, 566.27, 348.08]], "5:00 PM - 5:30 PM": [[33.0, 190.57000000000005, 116.37, 200.57000000000005], [33.0, 190.57000000000005, 116.37, 200.57000000000005]], "30": [[202.94, 190.57000000000005, 214.06, 200.57000000000005], [202.94, 243.58000000000004, 214.06, 253.58000000000004], [202.94, 296.58, 214.06, 306.58], [202.94, 349.58, 214.06, 359.58], [202.94, 190.57000000000005, 214.06, 200.57000000000005], [202.94, 243.58000000000004, 214.06, 253.58000000000004], [202.94, 296.58, 214.06, 306.58], [202.94, 349.58, 214.06, 359.58]], "$400.00": [[243.0, 190.57000000000005, 279.14, 200.57000000000005], [243.0, 190.57000000000005, 279.14, 200.57000000000005]], "Big Bang Theory": [[33.0, 232.08000000000004, 107.48, 242.08000000000004], [33.0, 232.08000000000004, 107.48, 242.08000000000004]], "PA": [[154.33, 232.08000000000004, 167.67, 242.08000000000004], [154.33, 232.08000000000004, 167.67, 242.08000000000004]], "$60.00": [[243.0, 232.08000000000004, 273.58, 242.08000000000004], [243.0, 232.08000000000004, 273.58, 242.08000000000004]], "7:00 PM - 7:30 PM": [[33.0, 243.58000000000004, 116.37, 253.58000000000004], [33.0, 243.58000000000004, 116.37, 253.58000000000004]], "$180.00": [[243.0, 243.58000000000004, 279.14, 253.58000000000004], [243.0, 243.58000000000004, 279.14, 253.58000000000004]], "EBOC 10p News": [[33.0, 285.08, 108.58000000000001, 295.08], [33.0, 285.08, 108.58000000000001, 295.08]], "LN": [[154.61, 285.08, 167.39000000000001, 295.08], [154.61, 285.08, 167.39000000000001, 295.08]], "$150.00": [[243.0, 285.08, 279.14, 295.08], [243.0, 285.08, 279.14, 295.08]], "10:00 PM - 10:30 PM": [[33.0, 296.58, 127.49000000000001, 306.58], [33.0, 296.58, 127.49000000000001, 306.58]], "$600.00": [[243.0, 296.58, 279.14, 306.58], [243.0, 296.58, 279.14, 306.58]], "Seinfeld": [[33.0, 338.08, 69.13, 348.08], [33.0, 338.08, 69.13, 348.08]], "LF": [[155.16, 338.08, 166.82999999999998, 348.08], [155.16, 338.08, 166.82999999999998, 348.08]], "$80.00": [[243.0, 338.08, 273.58, 348.08], [243.0, 349.58, 273.58, 359.58], [243.0, 338.08, 273.58, 348.08], [243.0, 349.58, 273.58, 359.58]], "10:30 PM - 11:00 PM": [[33.0, 349.58, 127.49000000000001, 359.58], [33.0, 349.58, 127.49000000000001, 359.58]], "Station Totals": [[33.0, 391.08, 99.12, 401.08], [33.0, 391.08, 99.12, 401.08]], "$1,260.00": [[243.0, 391.08, 287.48, 401.08], [243.0, 391.08, 287.48, 401.08]], "3": [[315.72, 391.08, 321.28000000000003, 401.08], [525.71, 391.08, 531.27, 401.08], [560.71, 232.08000000000004, 566.27, 242.08000000000004]], "2": [[350.72, 391.08, 356.28000000000003, 401.08], [385.72, 391.08, 391.28000000000003, 401.08], [420.72, 391.08, 426.28000000000003, 401.08]], "0": [[455.72, 391.08, 461.28000000000003, 401.08], [490.72, 391.08, 496.28000000000003, 401.08], [315.72, 391.08, 321.28000000000003, 401.08]], "11150 Fairfax Blvd, Suite 505": [[30.0, 735.963, 153.56099999999998, 744.963], [30.0, 735.963, 153.56099999999998, 744.963]], "Page 1 of 2": [[281.24, 735.963, 328.76000000000005, 744.963]], "Screen Strategies Media": [[475.96, 735.963, 580.0, 744.963], [475.96, 735.963, 580.0, 744.963]], "Fairfax, VA 22030": [[30.0, 746.313, 104.53800000000001, 755.313], [30.0, 746.313, 104.53800000000001, 755.313]], "Tue": [[309.6, 129.07000000000005, 327.38000000000005, 139.07000000000005]], "Total": [[551.55, 129.07000000000005, 575.4399999999999, 139.07000000000005]], "7/19": [[308.76, 140.57000000000005, 328.21999999999997, 150.57000000000005]], "4": [[560.71, 179.07000000000005, 566.27, 189.07000000000005], [560.71, 285.08, 566.27, 295.08]], "12": [[557.94, 391.08, 569.06, 401.08]], "Page 2 of 2": [[281.24, 735.963, 328.76000000000005, 744.963]]}