{"KLBN-FM, KHIT-FM Madera/Fresno, CA Monthly Issues/Programs List August. 2023": [[204.72, 99.93804, 587.07444, 109.89804000000004]], "Issues/Programs List": [[347.03844000000004, 111.58127999999999, 444.75799200000006, 121.54128000000003]], "KLBN-FM and KHIT-FM provide listeners with programming and public service announcements that address issues of concern to our local community. Among": [[71.993, 147.71612, 710.7427800000005, 157.67616000000004]], "the issues determined to be of most concern to the community during the preceding calendar quarter were": [[71.99304, 161.75976000000003, 511.69018799999986, 171.71976000000006]], "\u2022Education \u2013 Beverly Cazarez / Spokeswoman for USDA.": [[126.0, 260.15999999999997, 411.624, 273.264]], "\u2022Social Services \u2013": [[126.0, 304.68, 223.296, 317.784]], "Paloma Perez / FCC Press Secretary.": [[225.96, 305.72400000000005, 403.10400000000004, 317.784]], "\u2022": [[126.00000000000006, 349.32, 131.52000000000007, 361.32]], "\u2022Social Services \u2013 Consul / Oscar Sanchez / CONSULMEX Fresno.": [[126.0, 393.84, 450.384, 406.94399999999996]], "DATE": [[468.6005, 38.661719999999946, 554.4398400000001, 50.30495999999994]], "09/07/2023": [[468.6005, 38.661719999999946, 554.4398400000001, 50.30495999999994]], "FOR THE MONTH OF": [[195.2405, 80.66171999999995, 298.59198000000004, 90.62171999999998]], "AUGUST": [[301.729, 82.3449599999999, 343.78011999999995, 92.30495999999994]], "Lotus Communications Corp's policy governing the airing of public service announcements for": [[40.08, 104.78171999999995, 492.03499999999997, 114.74171999999999]], "KGST,KLBN and KHIT is as follows": [[40.079999999999984, 116.66171999999995, 213.12231999999997, 126.62171999999998]], "Minimum": [[40.079999999999984, 138.50171999999998, 344.03808000000004, 150.14495999999997]], " Two (2) psa's per hour between 12 midnight and 6 am": [[40.079999999999984, 138.50171999999998, 344.03808000000004, 150.14495999999997]], "One (1) psa per hour between 6 am and 12 midnight": [[88.80000000000001, 157.34172, 333.90024, 167.30172000000005]], "Exceptions to this policy occur during public affairs programming and during special event broadcasts": [[41.51999999999998, 185.06172000000004, 530.24072, 195.02172000000007]], "(ie. Live sporting events , concert simulcasts)": [[41.51999999999998, 196.94172000000003, 257.86103848, 206.90172000000007]], "Examples of public service announcements aired during this period include (but not limited to ) the": [[41.51999999999998, 221.90172000000007, 511.60132000000004, 231.8617200000001]], "following": [[41.52000000000004, 233.78172000000006, 88.89824000000003, 243.7417200000001]], "10 PREGUNTAS": [[39.1349, 272.39099999999996, 122.1149, 284.39099999999996]], "ADOPCION": [[39.1349, 300.897, 101.9189, 312.897]], "AGUA": [[39.1349, 329.40299999999996, 73.1309, 341.40299999999996]], "ANALISIS MEDICO": [[39.1349, 357.90899999999993, 140.7389, 369.90899999999993]], "ASISTENCIA PRENATAL": [[39.1349, 386.41499999999996, 169.50289999999998, 398.41499999999996]], "AUTISMO": [[39.1349, 414.921, 93.09890000000001, 426.921]], "CAL PATIENT CARE": [[39.1349, 443.42699999999996, 147.5309, 455.42699999999996]], "CAMINO A LA RECUPER": [[39.1349, 471.93299999999994, 171.38690000000003, 483.93299999999994]], "CIRUGIA SIN FRONTER": [[39.1349, 500.43899999999996, 165.9509, 512.439]], "COLLEGE ACCESS": [[39.1349, 528.9449999999999, 136.3709, 540.9449999999999]], "CONTRACTOR NATIONAL": [[39.1349, 557.451, 183.99889999999996, 569.451]], "CORONA VIRUS": [[39.1349, 585.9569999999999, 126.92690000000002, 597.9569999999999]], "COVERED KIDS": [[39.1349, 614.463, 123.81890000000001, 626.463]], "DEPRESION OTO\u00d1O": [[39.1349, 642.9689999999998, 149.3909, 654.9689999999998]], "DIABETES NATIONAL": [[39.1349, 671.4749999999999, 158.1749, 683.4749999999999]], "DONA AMOR": [[39.1349, 699.9809999999998, 112.25090000000002, 711.9809999999998]], "Thursday, September 7 2023": [[41.326, 739.919, 155.635, 749.919]], "Page 1 of 3": [[453.24, 739.323, 499.361, 748.323]], "ANALISIS RGENCY WARNING SIGNS": [[66.764, 869.6, 240.4906399999999, 879.56]], "EDUCATION US NAVY": [[47.650999999999996, 65.53899999999999, 170.98700000000002, 77.53899999999999]], "FOREST PARKS": [[47.650999999999996, 94.351, 129.311, 106.351]], "FREE ASSISTANCE": [[47.650999999999996, 123.16300000000001, 146.663, 135.163]], "GED": [[47.650999999999996, 151.97500000000002, 71.86699999999999, 163.97500000000002]], "GO FOR REAL": [[47.650999999999996, 180.78700000000003, 122.423, 192.78700000000003]], "HUMANE ANIMAL": [[47.650999999999996, 209.59900000000005, 149.855, 221.59900000000005]], "ILUMINANDO": [[47.650999999999996, 238.41100000000006, 125.723, 250.41100000000006]], "INSURANCE FRAUD": [[47.650999999999996, 267.22300000000007, 157.103, 279.22300000000007]], "LA DIFERENCIA": [[47.650999999999996, 296.035, 134.747, 308.035]], "LEAD POISONING": [[47.650999999999996, 324.84700000000004, 145.727, 336.84700000000004]], "LET'S MOVE": [[47.650999999999996, 353.65900000000005, 113.67500000000001, 365.65900000000005]], "MAMAS": [[47.650999999999996, 382.47100000000006, 91.307, 394.47100000000006]], "MATRIMONIOS": [[47.650999999999996, 411.2830000000001, 132.899, 423.2830000000001]], "MENTAL DISORDERS": [[47.650999999999996, 440.0950000000001, 162.743, 452.0950000000001]], "MUSEO HISTORICO": [[47.650999999999996, 468.9070000000001, 155.195, 480.9070000000001]], "NAT. CRIME PREVENT": [[47.650999999999996, 497.7190000000001, 170.075, 509.7190000000001]], "PREGNANCY DEPRESSION": [[47.650999999999996, 526.5310000000002, 191.699, 538.5310000000002]], "PRE DIABETES": [[47.650999999999996, 555.3430000000001, 126.383, 567.3430000000001]], "PREVENIR ATAQUES": [[47.650999999999996, 584.1550000000002, 161.375, 596.1550000000002]], "OSTEOGENESIS": [[47.650999999999996, 612.9670000000001, 132.083, 624.9670000000001]], "PIENSE TREN": [[47.650999999999996, 641.7790000000002, 120.047, 653.7790000000002]], "PREVENCION DEL CANC": [[47.650999999999996, 670.5910000000001, 183.50300000000001, 682.5910000000001]], "PROBLEMAS DE APREND": [[47.650999999999996, 699.4030000000002, 183.959, 711.4030000000002]], "Thursday, September 7, 2023": [[40.017, 740.573, 156.606, 750.573], [43.164, 739.433, 159.75400000000002, 749.433]], "Page 2 of 3": [[457.813, 740.238, 503.936, 749.238]], "REFORMA MIGRATORIA": [[47.557, 68.40000000000009, 181.60899999999998, 80.40000000000009]], "SCHOLARSHIP FUND": [[47.557, 97.17700000000013, 162.949, 109.17700000000013]], "SEE SAY": [[47.557, 125.95400000000018, 91.18900000000001, 137.95400000000018]], "SELECTIVE SERVICE": [[47.557, 154.73100000000022, 158.06500000000003, 166.73100000000022]], "STORM TO REMEMBER": [[47.557, 183.50800000000027, 173.365, 195.50800000000027]], "TEEN VACCINES": [[47.557, 212.2850000000003, 138.433, 224.2850000000003]], "TOMA TU PRESION": [[47.557, 241.06200000000035, 153.277, 253.06200000000035]], "TRAUMA": [[47.557, 269.8390000000004, 98.52100000000002, 281.83900000000034]], "TUTORS": [[47.557, 298.6160000000003, 93.301, 310.6160000000003]], "VOLUNTARIOS": [[47.557, 327.3930000000003, 131.053, 339.3930000000003]], "Page 3 of 3": [[452.071, 738.742, 498.10600000000005, 747.742]], "Month Covered": [[55.31999999999999, 79.30428000000006, 112.17205999999999, 87.34428000000003]], "August": [[58.43999999999999, 93.8617200000001, 89.50547999999999, 103.82172000000014]], "StationKHIT / KLBN": [[420.96, 120.70428000000004, 500.15296, 128.74428], [420.96, 270.82428000000004, 500.15296, 278.86428], [420.96, 420.94428, 500.15296, 429.10428], [420.96, 571.18428, 500.15296, 579.22428]], "CategoryEducation": [[414.96, 135.70428000000004, 483.13625999999994, 143.74428]], "Program TitleQue Pasa En Fresno": [[43.92, 149.98428, 167.12575999999996, 158.02427999999998], [43.92, 300.10428, 167.12575999999996, 308.14428000000004], [43.92, 450.22428, 171.70691999999997, 458.38428000000005], [43.92, 600.46428, 167.12575999999996, 608.50428]],