{"Contract #27061923": [[250.44, 29.65599999999995, 329.584, 37.65599999999995], [250.44, 29.65599999999995, 329.584, 37.65599999999995]], "Changes as of:9/9/2020 at 11:38 AM": [[390.66, 29.65599999999995, 528.496, 37.65599999999995], [390.66, 29.65599999999995, 528.496, 37.65599999999995]], "Version": [[567.99, 29.65599999999995, 687.592, 37.65599999999995], [567.99, 29.65599999999995, 687.592, 37.65599999999995]], "Current State Version 1": [[567.99, 29.65599999999995, 687.592, 37.65599999999995], [567.99, 29.65599999999995, 687.592, 37.65599999999995]], "CPE": [[270.89, 40.65599999999995, 316.24, 48.65599999999995], [270.89, 40.65599999999995, 316.24, 48.65599999999995]], "//6267": [[270.89, 40.65599999999995, 316.24, 48.65599999999995], [270.89, 40.65599999999995, 316.24, 48.65599999999995]], "Flight": [[423.56, 40.65599999999995, 512.488, 48.65599999999995], [423.56, 40.65599999999995, 512.488, 48.65599999999995]], "9/21/20 - 9/27/20": [[423.56, 40.65599999999995, 512.488, 48.65599999999995], [423.56, 40.65599999999995, 512.488, 48.65599999999995]], "Station": [[570.22, 40.65599999999995, 624.448, 48.65599999999995], [570.22, 40.65599999999995, 624.448, 48.65599999999995]], "KBJR": [[570.22, 40.65599999999995, 624.448, 48.65599999999995], [570.22, 40.65599999999995, 624.448, 48.65599999999995]], "Con Type": [[710.89, 40.65599999999995, 818.912, 48.65599999999995], [710.89, 40.65599999999995, 818.912, 48.65599999999995]], "POLITICAL/VOTE": [[710.89, 40.65599999999995, 818.912, 48.65599999999995], [710.89, 40.65599999999995, 818.912, 48.65599999999995]], "Agency": [[258.44, 51.65599999999995, 327.336, 59.65599999999995], [258.44, 51.65599999999995, 327.336, 59.65599999999995]], "SCREEN": [[258.44, 51.65599999999995, 327.336, 59.65599999999995], [294.0, 70.65599999999995, 327.336, 78.65599999999995], [258.44, 51.65599999999995, 327.336, 59.65599999999995], [294.0, 70.65599999999995, 327.336, 78.65599999999995]], "Advertiser": [[405.77, 51.65599999999995, 516.456, 59.65599999999995], [405.77, 51.65599999999995, 516.456, 59.65599999999995]], "Tina Smith for MN": [[405.77, 51.65599999999995, 516.456, 59.65599999999995], [405.77, 51.65599999999995, 516.456, 59.65599999999995]], "Market": [[571.55, 51.65599999999995, 660.016, 59.65599999999995], [571.55, 51.65599999999995, 660.016, 59.65599999999995]], "Duluth-Superior": [[571.55, 51.65599999999995, 660.016, 59.65599999999995], [571.55, 51.65599999999995, 660.016, 59.65599999999995]], "Total $": [[721.55, 51.65599999999995, 794.032, 59.65599999999995], [721.55, 51.65599999999995, 794.032, 59.65599999999995]], "$23,350.00": [[721.55, 51.65599999999995, 794.032, 59.65599999999995], [721.55, 51.65599999999995, 794.032, 59.65599999999995]], "STRATEGIES ME": [[294.0, 59.65599999999995, 358.904, 67.65599999999995], [294.0, 59.65599999999995, 358.904, 67.65599999999995]], "Senate": [[452.0, 59.65599999999995, 477.352, 67.65599999999995], [452.0, 59.65599999999995, 477.352, 67.65599999999995]], "Product": [[415.11, 70.65599999999995, 488.464, 78.65599999999995], [415.11, 70.65599999999995, 488.464, 78.65599999999995]], "Candidate": [[415.11, 70.65599999999995, 488.464, 78.65599999999995], [415.11, 70.65599999999995, 488.464, 78.65599999999995]], "Office": [[574.66, 70.65599999999995, 659.112, 78.65599999999995], [574.66, 70.65599999999995, 659.112, 78.65599999999995]], "WASHINGTON": [[574.66, 70.65599999999995, 659.112, 78.65599999999995], [574.66, 70.65599999999995, 659.112, 78.65599999999995]], "Total Spots": [[703.78, 70.65599999999995, 762.896, 78.65599999999995], [703.78, 70.65599999999995, 762.896, 78.65599999999995]], "99": [[703.78, 70.65599999999995, 762.896, 78.65599999999995], [703.78, 70.65599999999995, 762.896, 78.65599999999995]], "STRATEGIES MEDIA": [[294.0, 78.65599999999995, 372.24, 86.656], [294.0, 78.65599999999995, 372.24, 86.656]], "11150 FAIRFAX BLVD": [[294.0, 86.656, 375.368, 94.656], [294.0, 86.656, 375.368, 94.656]], "SUITE 505 FAIRFAX": [[294.0, 94.656, 369.136, 102.656], [294.0, 94.656, 369.136, 102.656]], "VA 22030": [[294.0, 102.656, 329.13599999999997, 110.656], [294.0, 102.656, 329.13599999999997, 110.656]], "125 West 55th St": [[19.0, 116.226, 80.36800000000001, 124.226], [19.0, 116.226, 80.36800000000001, 124.226]], "Agency Order #": [[385.76, 113.656, 448.0, 121.656], [385.76, 113.656, 448.0, 121.656]], "Service": [[568.87, 113.656, 630.672, 121.656], [568.87, 113.656, 630.672, 121.656]], "Nielsen": [[568.87, 113.656, 630.672, 121.656], [568.87, 113.656, 630.672, 121.656]], "Total CPP": [[709.55, 113.656, 774.016, 121.656], [709.55, 113.656, 774.016, 121.656]], "$0.00": [[709.55, 113.656, 774.016, 121.656], [709.55, 113.656, 774.016, 121.656]], "New York, NY 10019": [[19.0, 124.226, 93.69600000000003, 132.226], [19.0, 124.226, 93.69600000000003, 132.226]], "Buyer": [[422.66, 124.656, 501.784, 132.656], [422.66, 124.656, 501.784, 132.656]], "Carolilne Wait": [[422.66, 124.656, 501.784, 132.656], [422.66, 124.656, 501.784, 132.656]], "Primary Demo": [[543.1, 124.656, 642.024, 132.656], [543.1, 124.656, 642.024, 132.656]], "Adults 35+": [[543.1, 124.656, 642.024, 132.656], [543.1, 124.656, 642.024, 132.656]], "Total GRP": [[708.66, 124.656, 749.996, 132.656], [708.66, 124.656, 749.996, 132.656]], "Salesperson": [[397.76, 135.656, 508.44800000000004, 143.656], [397.76, 135.656, 508.44800000000004, 143.656]], "JENNA NUBAR": [[397.76, 135.656, 508.44800000000004, 143.656], [561.33, 135.656, 660.448, 143.656], [397.76, 135.656, 508.44800000000004, 143.656], [561.33, 135.656, 660.448, 143.656]], "Assistant": [[561.33, 135.656, 660.448, 143.656], [561.33, 135.656, 660.448, 143.656]], "Traffic #": [[716.22, 135.656, 780.688, 143.656], [716.22, 135.656, 780.688, 143.656]], "587398": [[716.22, 135.656, 780.688, 143.656], [716.22, 135.656, 780.688, 143.656]], "202-872-5880": [[452.0, 143.656, 501.808, 151.656], [604.0, 143.656, 653.808, 151.656], [452.0, 143.656, 501.808, 151.656], [604.0, 143.656, 653.808, 151.656]], "Separation": [[403.99, 154.656, 447.998, 162.656], [403.99, 154.656, 447.998, 162.656]], "Comments": [[246.0, 165.656, 352.68, 173.656]], "Kickback Orders": [[246.0, 165.656, 352.68, 173.656]], "9/21 - 9/27": [[495.95, 186.906, 534.198, 194.906], [495.95, 176.906, 534.198, 184.906]], "Total": [[681.8, 187.656, 700.912, 195.656], [730.58, 187.656, 749.6920000000001, 195.656], [681.8, 177.656, 700.912, 185.656], [730.58, 177.656, 749.6920000000001, 185.656]], "A35P": [[310.11, 198.156, 330.11800000000005, 206.156], [310.11, 188.156, 330.11800000000005, 196.156]], "#Day/Time": [[47.58, 202.156, 91.59800000000001, 210.156], [47.58, 192.156, 91.59800000000001, 200.156]], "DPProgram": [[119.45, 202.156, 171.86599999999999, 210.156], [119.45, 192.156, 171.86599999999999, 200.156]], "Rate": [[283.51, 202.156, 300.84599999999995, 210.156], [283.51, 192.156, 300.84599999999995, 200.156]], "Len9/219/229/239/249/259/269/27": [[340.29, 202.156, 522.858, 210.156], [340.29, 192.156, 522.858, 200.156]], "Spots": [[678.69, 202.156, 700.914, 210.156], [678.69, 192.156, 700.914, 200.156]], "$CPP*GRP*": [[745.25, 202.156, 817.9979999999999, 210.156], [745.25, 192.156, 817.9979999999999, 200.156]], "Rating": [[305.23, 206.156, 330.118, 214.156], [305.23, 196.156, 330.118, 204.156]],