{"Aug 20, 2019, 12": [[36.3981631375, 52.41941871400002, 125.4626068123, 60.67683051400002]], "02 PM": [[36.3981631375, 52.41941871400002, 125.4626068123, 60.67683051400002]], "From": [[36.3981631375, 88.21905223600004, 282.2736343873599, 98.72848543600003]], " \"Williams, Gail\" <Gail.Williams@vermont.gov>": [[36.3981631375, 88.21905223600004, 282.2736343873599, 98.72848543600003]], "To": [[36.3981631375, 102.48185443600005, 323.9783682896801, 112.99128763600004]], " \"foia@invisibleinstitute.com\" <foia@invisibleinstitute.com>": [[36.3981631375, 102.48185443600005, 323.9783682896801, 112.99128763600004]], "Administrative": [[36.3981631375, 378.88693636907794, 98.78827660417, 388.89341812307794]], "Services": [[101.91896168707, 378.88693636907794, 138.00379870590402, 388.89341812307794]], "Coordinator": [[141.13374812848, 378.88693636907794, 192.59896798054, 388.89341812307794]], "Vermont": [[36.3981631375, 393.14973856907795, 73.54145021433399, 403.15622032307795]], "Police": [[76.673193747292, 393.14973856907795, 101.856663268408, 403.15622032307795]], "Academy": [[104.98737837825999, 393.14973856907795, 144.95410725839199, 403.15622032307795], [55.91271677598999, 407.41254076907796, 95.87946817633599, 417.41902252307796]], "317": [[36.3981631375, 407.41254076907796, 52.786723404339995, 417.41902252307796]], "Rd.,": [[99.006940375372, 407.41254076907796, 116.15934876740201, 417.41902252307796]], "Pittsford,": [[119.28366062974, 407.41254076907796, 158.828473300582, 417.41902252307796]], "VT": [[161.95278516291998, 407.41254076907796, 173.76720471031598, 417.41902252307796]], "05763": [[176.89412141073998, 407.41254076907796, 204.20767287978398, 417.41902252307796]], "(802)": [[36.3981631375, 421.675342969078, 60.448768306822, 431.68182472307797]], "483-2731": [[63.573905910339995, 421.675342969078, 105.447669032206, 431.68182472307797]], "gail.williams@vermont.gov": [[36.3981631375, 435.938145169078, 154.09573772741197, 445.944626923078]], "www.vcjtc.vermont.gov": [[36.3981631375, 450.20094736907794, 140.24888387999198, 460.20742912307793]]}