{"Lierman for Maryland": [[30.0, 739.86, 233.38000000000002, 759.86], [30.0, 739.86, 233.38000000000002, 759.86]], "Station": [[30.0, 710.93, 63.89, 720.93], [30.0, 710.93, 63.89, 720.93]], "EBOC-TV": [[95.0, 710.93, 139.45, 720.93], [95.0, 710.93, 139.45, 720.93]], "Market": [[30.0, 695.93, 62.230000000000004, 705.93], [30.0, 695.93, 62.230000000000004, 705.93]], "Salisbury-Ocean City": [[95.0, 695.93, 188.91000000000003, 705.93], [95.0, 695.93, 188.91000000000003, 705.93]], "Flight Dates": [[30.0, 680.93, 87.23, 690.93], [30.0, 680.93, 87.23, 690.93]], "7/12/2022 - 7/19/2022 (Est. 7916)": [[95.0, 680.93, 244.54000000000005, 690.93], [95.0, 680.93, 244.54000000000005, 690.93]], "Buyer": [[380.0, 710.93, 408.34, 720.93], [380.0, 710.93, 408.34, 720.93]], "James Wells": [[435.0, 710.93, 491.67, 720.93], [435.0, 710.93, 491.67, 720.93]], "Email": [[380.0, 695.93, 406.67999999999995, 705.93], [380.0, 695.93, 406.67999999999995, 705.93]], "James.Wells@screenstrategies.com": [[435.0, 695.93, 596.85, 705.93], [435.0, 695.93, 596.85, 705.93]], "Phone": [[380.0, 680.93, 410.56, 690.93], [380.0, 680.93, 410.56, 690.93]], "703-272-7300": [[435.0, 680.93, 497.26, 690.93], [523.96, 36.687, 579.994, 45.687], [435.0, 680.93, 497.26, 690.93], [523.96, 36.687, 579.994, 45.687]], "Screen Strategies Media": [[475.96, 47.037, 580.0, 56.037], [475.96, 47.037, 580.0, 56.037]], "11150 Fairfax Blvd, Suite 505\nFairfax, VA 22030": [[30.0, 36.687, 153.56099999999998, 56.037], [30.0, 36.687, 153.56099999999998, 56.037]], "Page 1 of 2": [[281.24, 47.037, 328.76000000000005, 56.037]], "Program Name": [[33.0, 652.93, 104.13000000000001, 662.93], [33.0, 652.93, 104.13000000000001, 662.93]], "DP": [[154.05, 652.93, 167.94, 662.93], [154.05, 652.93, 167.94, 662.93]], "Days\nLength": [[196.55, 641.43, 220.45000000000002, 662.93], [196.55, 641.43, 220.45000000000002, 662.93]], "Rate": [[260.16, 652.93, 281.83000000000004, 662.93], [260.16, 652.93, 281.83000000000004, 662.93]], "Tue\n7/12": [[309.6, 641.43, 327.38000000000005, 662.93]], "Wed\n7/13": [[342.94, 641.43, 364.05, 662.93]], "Thu\n7/14": [[379.33, 641.43, 397.65999999999997, 662.93]], "Fri\n7/15": [[417.11, 641.43, 429.89, 662.93]], "Sat\n7/16": [[450.72, 641.43, 466.28000000000003, 662.93]], "Sun\n7/17": [[484.05, 641.43, 502.94, 662.93]], "Mon\n7/18": [[518.22, 641.43, 538.7700000000001, 662.93]], "EBOC 5p News\n5:00 PM - 5:30 PM": [[33.0, 591.43, 103.02000000000001, 612.93], [33.0, 591.43, 103.02000000000001, 612.93]], "EN": [[154.05, 602.93, 167.94, 612.93], [154.05, 602.93, 167.94, 612.93]], "M-F\n30": [[199.61, 591.43, 217.38, 612.93], [199.61, 538.42, 217.38, 559.92], [199.61, 485.42, 217.38, 506.92], [199.61, 432.42, 217.38, 453.92], [199.61, 591.43, 217.38, 612.93], [199.61, 538.42, 217.38, 559.92], [199.61, 485.42, 217.38, 506.92], [199.61, 432.42, 217.38, 453.92]], "$100.00": [[243.0, 602.93, 279.14, 612.93], [243.0, 602.93, 279.14, 612.93]], "$400.00": [[243.0, 591.43, 279.14, 601.43], [243.0, 591.43, 279.14, 601.43]], "1": [[315.72, 602.93, 321.28000000000003, 612.93], [350.72, 602.93, 356.28000000000003, 612.93], [420.72, 602.93, 426.28000000000003, 612.93], [525.71, 602.93, 531.27, 612.93], [315.72, 549.92, 321.28000000000003, 559.92], [385.72, 549.92, 391.28000000000003, 559.92], [525.71, 549.92, 531.27, 559.92], [315.72, 496.92, 321.28000000000003, 506.92], [350.72, 496.92, 356.28000000000003, 506.92], [420.72, 496.92, 426.28000000000003, 506.92], [525.71, 496.92, 531.27, 506.92], [385.72, 443.92, 391.28000000000003, 453.92], [560.71, 443.92, 566.27, 453.92]], "Big Bang Theory\n7:00 PM - 7:30 PM": [[33.0, 538.42, 107.48, 559.92], [33.0, 538.42, 107.48, 559.92]], "PA": [[154.33, 549.92, 167.67, 559.92], [154.33, 549.92, 167.67, 559.92]], "$60.00": [[243.0, 549.92, 273.58, 559.92], [243.0, 549.92, 273.58, 559.92]], "$180.00": [[243.0, 538.42, 279.14, 548.42], [243.0, 538.42, 279.14, 548.42]], "EBOC 10p News\n10:00 PM - 10:30 PM": [[33.0, 485.42, 108.58000000000001, 506.92], [33.0, 485.42, 108.58000000000001, 506.92]], "LN": [[154.61, 496.92, 167.39000000000001, 506.92], [154.61, 496.92, 167.39000000000001, 506.92]], "$150.00": [[243.0, 496.92, 279.14, 506.92], [243.0, 496.92, 279.14, 506.92]], "$600.00": [[243.0, 485.42, 279.14, 495.42], [243.0, 485.42, 279.14, 495.42]], "Seinfeld\n10:30 PM - 11:00 PM": [[33.0, 432.42, 69.13, 453.92], [33.0, 432.42, 69.13, 453.92]], "LF": [[155.16, 443.92, 166.82999999999998, 453.92], [155.16, 443.92, 166.82999999999998, 453.92]], "$80.00": [[243.0, 443.92, 273.58, 453.92], [243.0, 432.42, 273.58, 442.42], [243.0, 443.92, 273.58, 453.92], [243.0, 432.42, 273.58, 442.42]], "Station Totals": [[33.0, 390.92, 99.12, 400.92], [33.0, 390.92, 99.12, 400.92]], "$1,260.00": [[243.0, 390.92, 287.48, 400.92], [243.0, 390.92, 287.48, 400.92]], "3": [[315.72, 390.92, 321.28000000000003, 400.92], [525.71, 390.92, 531.27, 400.92], [560.71, 549.92, 566.27, 559.92]], "2": [[350.72, 390.92, 356.28000000000003, 400.92], [385.72, 390.92, 391.28000000000003, 400.92], [420.72, 390.92, 426.28000000000003, 400.92]], "0": [[455.72, 390.92, 461.28000000000003, 400.92], [490.72, 390.92, 496.28000000000003, 400.92], [315.72, 390.92, 321.28000000000003, 400.92]], "Page 2 of 2": [[281.24, 47.037, 328.76000000000005, 56.037]], "Tue\n7/19": [[309.6, 641.43, 327.38000000000005, 662.93]], "Total": [[551.55, 652.93, 575.4399999999999, 662.93]], "4": [[560.71, 602.93, 566.27, 612.93], [560.71, 496.92, 566.27, 506.92]], "12": [[557.94, 390.92, 569.06, 400.92]]}