{"Key": [[222.17, 31.368000000000052, 247.84599999999998, 45.36800000000005]], "New Traffic Order Form": [[236.21, 52.68700000000001, 359.06899999999996, 63.68700000000001]], "Date": [[31.19, 89.60599999999988, 51.19, 97.60599999999988]], "07/09/2020": [[116.22, 89.60599999999988, 156.252, 97.60599999999988]], "Station": [[300.48, 89.60599999999988, 330.256, 97.60599999999988]], "WHOP": [[385.52, 89.60599999999988, 410.408, 97.60599999999988]], "Customer Information": [[31.19, 116.043, 125.195, 125.043]], "Name": [[31.19, 132.12599999999998, 55.638000000000005, 140.12599999999998]], "One Nation": [[116.22, 132.12599999999998, 156.684, 140.12599999999998]], "Owner Name": [[300.48, 132.12599999999998, 352.048, 140.12599999999998]], "Media Financial Services": [[385.52, 132.12599999999998, 474.432, 140.12599999999998]], "Address": [[31.19, 143.4659999999999, 65.86200000000001, 151.4659999999999]], "invoices@MediaFinancial.com": [[116.22, 143.4659999999999, 224.364, 151.4659999999999], [385.52, 143.4659999999999, 493.664, 151.4659999999999]], "Owner Address": [[300.48, 143.4659999999999, 362.272, 151.4659999999999]], "City, State, ZIP": [[31.19, 166.13599999999997, 89.87, 174.13599999999997], [300.48, 166.13599999999997, 359.16, 174.13599999999997]], "on file AL 00000": [[116.22, 166.13599999999997, 174.03600000000003, 174.13599999999997], [385.52, 166.13599999999997, 443.33599999999996, 174.13599999999997]], "Phone": [[31.19, 177.47599999999989, 58.30200000000001, 185.47599999999989]], "0000000000": [[116.22, 177.47599999999989, 160.70000000000002, 185.47599999999989], [385.52, 177.47599999999989, 429.99999999999994, 185.47599999999989]], "Owner Phone": [[300.48, 177.47599999999989, 354.712, 185.47599999999989]], "Contact Name": [[31.19, 188.81599999999992, 87.638, 196.81599999999992]], "Media Financial Services -- Linley Grande": [[116.22, 188.81599999999992, 264.70799999999997, 196.81599999999992]], "Order Information": [[31.19, 215.25300000000004, 107.69899999999998, 224.25300000000004]], "Order #": [[31.19, 231.3359999999999, 62.31, 239.3359999999999]], "est 5419": [[116.22, 231.3359999999999, 146.90800000000002, 239.3359999999999]], "Cart #": [[300.48, 231.3359999999999, 325.81600000000003, 239.3359999999999]], "will assign": [[385.52, 231.3359999999999, 421.96799999999996, 239.3359999999999]], "Product Name": [[31.19, 242.67599999999993, 88.08600000000001, 250.67599999999993]], "x": [[116.22, 242.67599999999993, 120.22, 250.67599999999993], [385.52, 242.67599999999993, 389.52, 250.67599999999993], [385.52, 254.01599999999996, 389.52, 262.01599999999996], [385.52, 265.3459999999999, 389.52, 273.3459999999999]], "Co-opt Product": [[300.48, 242.67599999999993, 361.36, 250.67599999999993]], "Promotion": [[31.19, 254.01599999999996, 73.854, 262.01599999999996]], "political -- contract# 4383527": [[116.22, 254.01599999999996, 218.93200000000004, 262.01599999999996]], "Program": [[300.48, 254.01599999999996, 336.04, 262.01599999999996]], "Script?": [[31.19, 265.3459999999999, 61.414, 273.3459999999999]], "No": [[116.22, 265.3459999999999, 126.44399999999999, 273.3459999999999]], "Co-opt Script": [[300.48, 265.3459999999999, 353.808, 273.3459999999999]], "Billing Type": [[31.19, 276.6859999999999, 79.19800000000001, 284.6859999999999]], "Standard Billing": [[116.22, 276.6859999999999, 172.24400000000003, 284.6859999999999]], "Category": [[300.48, 276.6859999999999, 337.81600000000003, 284.6859999999999]], "Agency": [[385.52, 276.6859999999999, 412.2, 284.6859999999999]], "Spots Total": [[31.19, 288.02599999999995, 77.414, 296.02599999999995]], "$1200.00": [[116.22, 288.02599999999995, 149.58, 296.02599999999995], [300.48, 299.366, 418.87999999999994, 307.366]], "Digital Total": [[300.48, 288.02599999999995, 348.928, 296.02599999999995]], "$0.00": [[385.52, 288.02599999999995, 405.53599999999994, 296.02599999999995]], "Total Spots": [[31.19, 299.366, 77.414, 307.366]], "35": [[116.22, 299.366, 125.11600000000001, 307.366]], "Total Money Owed": [[300.48, 299.366, 418.87999999999994, 307.366]], "Notes": [[31.19, 322.04599999999994, 56.078, 330.046]], "Spots": [[31.19, 349.469, 50.636, 356.469]], "AM/FMRateLengthStart DateEnd DateStart TimeEnd TimeMTWThFSaSuTotal SpotsSubtotal": [[32.25, 368.816, 556.0, 376.816]], "FM": [[31.19, 387.236, 42.742000000000004, 395.236], [31.19, 404.246, 42.742000000000004, 412.246], [31.19, 421.256, 42.742000000000004, 429.256]], "40": [[65.2, 387.236, 74.096, 395.236]], "60": [[99.22, 387.236, 108.11600000000001, 395.236], [99.22, 404.246, 108.11600000000001, 412.246], [99.22, 421.256, 108.11600000000001, 429.256]], "2020-08-252020-08-3106:00:0010:00:00333330015": [[133.23, 387.236, 479.45599999999996, 395.236]], "$600": [[515.91, 387.236, 533.702, 395.236]], "30": [[65.2, 404.246, 74.096, 412.246], [65.2, 421.256, 74.096, 429.256]], "2020-08-252020-08-3110:00:0015:00:00222220010": [[133.23, 404.246, 479.45599999999996, 412.246]], "$300": [[515.91, 404.246, 533.702, 412.246], [515.91, 421.256, 533.702, 429.256]], "2020-08-252020-08-3115:00:0019:00:00222220010": [[133.23, 421.256, 479.45599999999996, 429.256]], "Monthly Totals": [[31.19, 459.03299999999996, 94.694, 468.03299999999996]], "2020": [[288.75, 479.366, 306.542, 487.366]], "January": [[31.19, 494.956, 64.534, 502.956]], "$0": [[89.3, 494.956, 98.196, 502.956], [223.94, 494.956, 232.836, 502.956], [358.59, 494.956, 367.48599999999993, 502.956], [493.23, 494.956, 502.126, 502.956], [89.3, 506.296, 98.196, 514.296], [223.94, 506.296, 232.836, 514.296], [358.59, 506.296, 367.48599999999993, 514.296], [223.94, 517.636, 232.836, 525.636], [300.48, 517.636, 367.48599999999993, 525.636], [435.12, 517.636, 502.126, 525.636]], "February": [[165.83, 494.956, 202.726, 502.956]], "March": [[300.48, 494.956, 326.704, 502.956]], "April": [[435.12, 494.956, 456.008, 502.956]], "May": [[31.19, 506.296, 49.414, 514.296]], "June": [[165.83, 506.296, 187.166, 514.296]], "July": [[300.48, 506.296, 319.152, 514.296]], "August": [[435.12, 506.296, 465.336, 514.296]], "$960": [[493.23, 506.296, 511.022, 514.296]], "September": [[31.19, 517.636, 107.09200000000001, 525.636]], "$240": [[31.19, 517.636, 107.09200000000001, 525.636]], "October": [[165.83, 517.636, 199.166, 525.636]], "November": [[300.48, 517.636, 367.48599999999993, 525.636]], "December": [[435.12, 517.636, 502.126, 525.636]], "Employee Signature": [[31.19, 548.816, 110.766, 556.816]], "Customer Signature": [[300.48, 548.816, 379.6, 556.816]], "X": [[31.19, 562.986, 36.526, 570.986], [300.48, 562.986, 305.81600000000003, 570.986]], "Printed Name": [[31.19, 579.996, 148.11000000000007, 587.996], [300.48, 579.996, 410.728, 587.996]], " Traci L Mason": [[31.19, 579.996, 148.11000000000007, 587.996], [300.48, 579.996, 410.728, 587.996]], "If a Customer's account is placed for collection with a third-party collection agency, the Customer agrees to pay a collection fee in the amount of the greater of $25 or 25%,": [[31.19, 613.0889999999999, 564.1010000000011, 620.0889999999999]], "of the amount placed for collection, and any attorney fees incurred.": [[31.19, 621.5889999999999, 238.1869999999999, 628.5889999999999]], "Forcht Broadcasting Inc and Radio Station(s) WHOP (the \"Station(s)\") do not and will not discriminate, in any way on the basis of race or ethnicity, with respect to its (their)": [[31.19, 638.5989999999999, 564.0860000000005, 645.5989999999999]], "advertising practices. No advertiser may use the Station(s) to discriminate": [[31.19, 647.0989999999999, 259.5439999999999, 654.0989999999999]]}