{"Katz Communications \u2022 Katz Media Group Inc": [[363.672, 38.88079200000004, 564.775406, 47.879792000000066]], "125 W. 55th St., New York, New York 10019": [[383.544, 52.56079199999999, 564.6398760000001, 61.559792000000016]], "212-424-6528": [[509.04, 66.24079200000006, 564.8697960000001, 75.23979200000008]], "Cardholder Contact Information": [[20.016, 102.60079199999996, 161.58826799999997, 111.59979199999998]], "Cardholder Name": [[48.6, 124.05679200000009, 176.266103, 132.1997919999999]], "Robert Kahn": [[48.6, 124.05679200000009, 176.266103, 132.1997919999999], [59.328, 304.056792, 176.266103, 312.199792]], "Bill To Address": [[352.944, 124.05679200000009, 539.9177599999999, 132.1997919999999]], "900 Circle 75 Parkway Suite 1650": [[352.944, 124.05679200000009, 539.9177599999999, 132.1997919999999]], "Atlanta, Georgia 30339": [[413.856, 133.848792, 502.9972, 141.8477919999999]], "Cardholder Phone": [[47.736, 138.45679200000006, 121.654759, 146.45579199999997]], "Cardholder Email": [[52.2, 152.85679200000004, 121.671315, 160.85579199999995]], "Customer Name": [[55.728, 167.25679200000002, 185.512947, 175.39979199999993]], "Canal Partners": [[55.728, 167.25679200000002, 185.512947, 175.39979199999993]], "Transaction Type": [[20.016, 192.24079200000006, 92.934897, 201.23979200000008], [54.648, 215.49679200000003, 217.476951, 223.63979199999994]], "Authorize And Capture": [[54.648, 215.49679200000003, 217.476951, 223.63979199999994]], "Transaction Status": [[336.744, 215.49679200000003, 452.699144, 223.63979199999994]], "Submitted": [[336.744, 215.49679200000003, 452.699144, 223.63979199999994]], "Created Date:8/1/2018 2:53:24 PM EDT": [[65.016, 229.17679199999998, 221.65242900000004, 237.3197919999999]], "Authorization Date:8/1/2018 2:53:25 PM EDT": [[333.648, 229.17679199999998, 506.41242900000003, 237.3197919999999]], "Capture Date:8/1/2018 2:53:25 PM EDT": [[65.376, 243.21679200000005, 221.65242900000004, 251.35979199999997]], "Authorization Code": [[330.552, 243.21679200000005, 440.73264, 251.35979199999997]], "228409": [[330.552, 243.21679200000005, 440.73264, 251.35979199999997]], "AVS Address": [[71.136, 257.256792, 164.275602, 265.39979199999993]], "Matched": [[71.136, 257.256792, 164.275602, 265.39979199999993], [377.496, 257.256792, 449.035602, 265.39979199999993], [25.416, 332.856792, 164.275602, 340.999792]], "AVS Zip": [[377.496, 257.256792, 449.035602, 265.39979199999993]], "Credit Card Information": [[20.016, 282.600792, 123.85546100000002, 291.59979200000004]], "Name On Card": [[59.328, 304.056792, 176.266103, 312.199792]], "Card Brand": [[361.224, 304.056792, 436.557162, 312.199792]], "AMEX": [[361.224, 304.056792, 436.557162, 312.199792]], "Card Number": [[66.096, 318.45679199999995, 202.99076200000002, 326.599792]], "xxxx-xxxxxx-x2004": [[66.096, 318.45679199999995, 202.99076200000002, 326.599792]], "Security Code Status": [[326.16, 318.45679199999995, 448.075722, 326.599792]], "Provided": [[326.16, 318.45679199999995, 448.075722, 326.599792]], "Security Code Response": [[25.416, 332.856792, 164.275602, 340.999792]], "Tracking Information": [[20.016, 356.400792, 108.521165, 365.39979200000005]], "Customer Ref Value": [[42.264, 377.49679199999997, 121.63007800000001, 385.495792]], "Order Number": [[350.064, 377.49679199999997, 408.208731, 385.495792]], "Invoice Number": [[57.672, 391.176792, 121.695996, 399.175792]], "Invoice Date": [[356.256, 391.176792, 408.28149599999995, 399.175792]], "Ship From Postal Code": [[32.688, 404.856792, 151.4932, 412.999792]], "10019": [[32.688, 404.856792, 151.4932, 412.999792]], "Shipping Company": [[331.344, 404.856792, 434.80538099999995, 412.999792]], "None": [[331.344, 404.856792, 434.80538099999995, 412.999792]], "Tracking Number": [[53.64, 419.25679199999996, 121.64749799999998, 427.255792]], "Transaction Totals": [[20.016, 440.640792, 96.498501, 449.639792]], "Product Code": [[34.128, 458.28079199999996, 89.29710299999999, 466.279792]], "Description": [[152.568, 458.28079199999996, 195.84259, 466.279792]], "UOM Code": [[256.032, 458.28079199999996, 300.16248299999995, 466.279792]], "CMDTY Code": [[324.144, 458.28079199999996, 376.665434, 466.279792]], "QTY": [[401.688, 458.28079199999996, 416.78211300000004, 466.279792]], "AMT": [[464.112, 458.28079199999996, 480.76591800000006, 466.279792]], "EXT AMT": [[538.848, 458.28079199999996, 570.260073, 466.279792]], "080118-2": [[22.032, 476.42479199999997, 56.739661, 484.423792]], "Communication Workers of": [[107.352, 476.42479199999997, 212.354873, 484.423792]], "EA": [[273.096, 476.42479199999997, 283.166741, 484.423792]], "80140000": [[332.496, 476.42479199999997, 368.33152, 484.423792]], "1.00": [[401.4, 476.42479199999997, 417.070041, 484.423792]], "$187,791.35": [[467.424, 476.42479199999997, 512.202402, 484.423792], [547.2, 476.42479199999997, 591.978402, 484.423792], [547.2, 503.712792, 591.978402, 511.711792], [547.2, 577.152792, 591.978402, 585.151792]], "America 8.2-8.15": [[107.352, 486.072792, 173.199768, 494.071792]], "Sub-Total": [[474.192, 503.568792, 511.747305, 511.567792]], "Sales Tax": [[475.272, 517.9687919999999, 511.723443, 525.9677919999999]], "$0.00": [[571.824, 518.1127919999999, 591.9734809999999, 526.1117919999999], [571.824, 532.512792, 591.9734809999999, 540.511792], [571.824, 546.912792, 591.9734809999999, 554.911792], [571.824, 561.312792, 591.9734809999999, 569.311792]], "Freight Amount": [[450.144, 532.368792, 511.640312, 540.367792]], "Freight Tax": [[468.576, 546.7687920000001, 511.69860900000003, 554.767792]], "Duty Amount": [[458.424, 561.1687919999999, 511.705339, 569.167792]], "Total (USD) ": [[465.624, 577.008792, 511.714238, 585.007792]], "This receipt is for informational use only and is not intended to serve as or replace any official tax document.": [[18.0, 733.068, 408.76499999999993, 740.568]], "Katz Communications uses advanced payment processing services provided by WEX Inc. www.wexinc.com.": [[18.0, 746.532, 411.678, 754.032]], "8/1/2018 2:53:29 PM EDT": [[18.0, 755.46, 104.715, 762.96]]}