{"Page 1 of 2": [[568.19124, 12.394562918400084, 603.9939250533599, 19.35448611840002], [568.2, 12.437279999999987, 603.987693348, 19.397280000000023], [568.1912400000001, 12.387603324908582, 603.9939249707348, 19.34752637622853]], "Inv #": [[311.642272125, 40.94285914080001, 329.79452065247995, 48.98289754079997], [311.64, 41.000760000000014, 329.78710638399997, 49.04075999999998], [311.6422673404313, 40.93481936059493, 329.7945157734604, 48.974857588841246]], "7237942": [[332.28154904999997, 39.4320058502401, 371.17153993128, 49.391921370240084]], "Acct # 8284": [[412.680096, 39.02314294079997, 456.73816744608, 47.06318134079993]], "Invoice Date": [[521.044444125, 39.02314294079997, 604.2608112652802, 47.06318134079993], [512.16, 39.080760000000055, 604.2264750232, 47.12076000000002], [516.6033637121888, 39.01510340595746, 604.2608204763762, 47.05514163420378]], " 2/9/2020": [[521.044444125, 39.02314294079997, 604.2608112652802, 47.06318134079993]], "Advertiser": [[310.562677125, 51.263787340800036, 501.5213779122, 59.543299540800035], [310.56, 51.320760000000064, 441.03732, 59.592719999999986], [310.5626723404313, 51.2557479286387, 552.1592714421947, 59.53526017771128]], "Mike Bloomberg 2020 Inc-D (133903)": [[310.562677125, 51.263787340800036, 501.5213779122, 59.543299540800035]], "Agency": [[310.562677125, 60.86629414080005, 338.51603766420004, 68.90633254080001], [310.56, 60.912720000000036, 338.47332, 68.95272], [310.5626723404313, 60.85825136717244, 338.5080070070144, 68.89828959541876]], "Assembly (16037)": [[362.76354899999995, 60.622894540800075, 430.35889203719995, 68.66293294080003]], "Period": [[310.562677125, 70.22540134079998, 334.8755255502, 78.26543974079993], [310.56, 70.27271999999994, 334.87512, 78.3127199999999], [310.5626723404313, 70.21736310637868, 334.8674758705505, 78.257401334625]], "2/3/2020 - 2/9/2020": [[362.764428, 69.98592754080005, 432.17829936528, 78.0259659408]], "Salesperson:Washington DC Millennium/DC, ph:(202) 955-5342": [[310.562677125, 79.34503474079997, 548.6980962652801, 87.62454694079997], [310.56, 79.39271999999994, 548.6698742296, 87.67271999999991], [310.5626723404313, 79.33699483791372, 548.6981054763762, 87.61650711152242]], "Product": [[310.562677125, 88.94361574080006, 339.7064776272, 96.98365414080001], [310.56, 88.99271999999996, 339.67416, 97.03271999999993], [310.5626723404313, 88.93557463563741, 339.69844700093, 96.97561286388373]], "POLITICAL CANDIDATE (ns) (1186)": [[362.76354899999995, 88.70414194080001, 493.4808487872, 96.74418034079997], [362.7635442154313, 88.69610059027491, 493.48082956719475, 96.73613881852123]], "Brand": [[310.562677125, 98.30664874080003, 333.4352476752, 106.34668714079999], [310.56, 98.35271999999998, 333.43512, 106.39271999999994], [310.5626723404313, 98.29860405334489, 333.42721718289795, 106.3386422815912]], "MBLM/MBLM/0121 (1330964)": [[362.76354899999995, 98.06324914080005, 469.9603995371999, 106.10328754080001]], "Contract": [[310.562677125, 107.66575594080007, 342.1085765022, 115.70579434080003], [310.56, 107.71271999999999, 342.07416, 115.75271999999995], [310.5626723404313, 107.65772177939618, 342.10053149768754, 115.6977600076425]], "4225820": [[362.764428, 107.42628214080003, 393.84056569728, 115.46632054079998]], "AcctType": [[458.062010307, 107.42628214080003, 569.3893206497999, 115.70579434080003], [458.0391, 107.47271999999998, 590.7894056552001, 115.75271999999995], [458.0620028636833, 107.41824174718863, 569.389339774482, 115.6977600076425]], "National/Political": [[458.062010307, 107.42628214080003, 569.3893206497999, 115.70579434080003], [458.0620028636833, 107.41824174718863, 569.389339774482, 115.6977600076425]], "Terms": [[310.562677125, 117.0248631408, 335.10359490120004, 125.06490154079995], [310.56, 117.07272, 335.118408, 125.11271999999997], [310.5626723404313, 117.0168275562936, 335.09555453354807, 125.05686578453992]], "CIA": [[362.76354899999995, 116.78538934080007, 376.1662930128, 124.82542774080002], [362.76, 116.83272, 376.161072, 124.87271999999996], [362.7635442154313, 116.77734752408617, 376.1582479036896, 124.81738575233248]], "BillType": [[458.051862114, 117.0248631408, 489.7949544252, 125.06490154079995], [458.045184, 117.07272, 489.79512, 125.11271999999997], [458.051859158118, 117.0168275562936, 489.78691433922427, 125.05686578453992]], "Weekly/Irregular": [[510.217853256, 116.78538934080007, 568.4783505372, 124.82542774080002], [510.24, 116.83272, 568.47732, 124.87271999999996], [510.21784532146756, 116.77734752408617, 568.4783696428174, 124.81738575233248]], "Buyer": [[310.562677125, 126.38397034080003, 332.7269940972, 134.4240087408], [310.56, 126.43272000000002, 332.71545599999996, 134.47271999999998], [310.5626723404313, 126.37593330865491, 332.7189635482192, 134.41597153690122]], "Laura Kollappal": [[362.764428, 126.14449654079999, 418.3073612748, 134.18453494079995]], "Coop": [[458.006872446, 126.38397034080003, 478.51809392520005, 134.4240087408], [458.03815199999997, 126.43272000000002, 478.51511999999997, 134.47271999999998], [458.0068792589806, 126.37593330865491, 478.510063432898, 134.41597153690122]], "No": [[510.269320494, 126.14449654079999, 520.4764367524801, 134.18453494079995], [510.24, 126.19272000000001, 520.469171368, 134.23271999999997], [510.249267776272, 126.13645327644747, 520.4764462486264, 134.1764915046938]], "Estimate/HL": [[310.562677125, 135.50360374080003, 435.26306280288, 143.78704174079996], [310.56, 135.55272000000002, 435.2657558938, 143.83272], [310.5626723404313, 135.4955590533449, 435.26305725759846, 143.77900694145376]], "0121/ECR26792936": [[310.562677125, 135.50360374080003, 435.26306280288, 143.78704174079996]], "Comments": [[310.562677125, 144.8666367408, 456.17942976528, 153.1461489408], [310.56, 144.91272000000004, 381.3894056552, 153.19272], [310.5626723404313, 144.8585944333612, 399.27612974055035, 153.13811269381495]], "MIKE BLOOMBERG 2020": [[310.562677125, 144.8666367408, 456.17942976528, 153.1461489408]], "For Billing Inquires Call": [[310.562677125, 158.54412394079998, 460.93787464607993, 166.58416234079994], [310.56, 158.60076000000004, 402.997008, 166.64076], [310.5626723404313, 158.53608021025866, 460.937864672217, 166.57611843850498]], " (217) 523-8855": [[310.562677125, 158.54412394079998, 460.93787464607993, 166.58416234079994], [310.5626723404313, 158.53608021025866, 460.937864672217, 166.57611843850498]], "Line": [[41.162012999999995, 233.66430694079997, 57.389540532480005, 241.70434534079993], [41.1595, 233.72076000000004, 57.388671368, 241.76076], [41.16201241113, 233.6562775885012, 57.38954114840435, 241.69631581674753]], "Type": [[67.19879447999999, 233.65204295076, 84.80158008767998, 241.09193543076003], [67.1995, 233.70935999999995, 84.777244, 241.14936], [67.19879293607701, 233.64459430612112, 84.80157816772095, 241.08448662718786]], "ScheduledTimeScheduledDaytoRunAirDate/TimeLengthProgram": [[92.7588024, 233.66430694079997, 405.06365173439997, 241.82604514079992], [92.7595, 233.72076000000004, 405.0596723744, 241.88076], [92.75880190927501, 233.6562775885012, 405.0636515817343, 241.8180146598337]], "AD-ID/ISCI": [[437.523049125, 233.66430694079997, 480.76237564020005, 241.70434534079993], [437.52, 233.72076000000004, 480.802536, 241.76076], [437.52302996218873, 233.6562775885012, 480.7543155154688, 241.69631581674753]], "AmountRemarks": [[515.641561875, 233.66430694079997, 595.6185007156799, 241.70434534079993], [515.64, 233.72076000000004, 595.593679518, 241.76076], [515.6415618750001, 233.6562775885012, 595.6184909358572, 241.69631581674753]], "CONTINUED": [[373.3168752, 729.70697423052, 427.09139870688006, 738.7069511905199], [373.32, 727.611, 427.0976375901, 736.611], [373.316885934123, 745.5347044045025, 427.09138783400954, 754.5346811722422]],