{"Page 2 of 2": [[568.19124, 12.394562918400084, 603.9939250533599, 19.35448611840002], [568.2, 12.437279999999987, 603.987693348, 19.397280000000023], [568.1912400000001, 12.387603324908582, 603.9939249707348, 19.34752637622853]], "Inv #": [[311.642272125, 40.94285914080001, 329.79452065247995, 48.98289754079997], [311.64, 41.000760000000014, 329.78710638399997, 49.04075999999998], [311.6422673404313, 40.93481936059493, 329.7945157734604, 48.974857588841246]], "7237942": [[332.28154904999997, 39.4320058502401, 371.17153993128, 49.391921370240084]], "Acct # 8284": [[412.680096, 39.02314294079997, 456.73816744608, 47.06318134079993]], "Invoice Date": [[521.044444125, 39.02314294079997, 604.2608112652802, 47.06318134079993], [512.16, 39.080760000000055, 604.2264750232, 47.12076000000002], [516.6033637121888, 39.01510340595746, 604.2608204763762, 47.05514163420378]], " 2/9/2020": [[521.044444125, 39.02314294079997, 604.2608112652802, 47.06318134079993], [442.921024125, 736.7079766158, 504.77779386528, 744.7480150158]], "Advertiser": [[310.562677125, 51.263787340800036, 501.5213779122, 59.543299540800035], [310.56, 51.320760000000064, 441.03732, 59.592719999999986], [310.5626723404313, 51.2557479286387, 552.1592714421947, 59.53526017771128]], "Mike Bloomberg 2020 Inc-D (133903)": [[310.562677125, 51.263787340800036, 501.5213779122, 59.543299540800035]], "Agency": [[310.562677125, 60.86629414080005, 338.51603766420004, 68.90633254080001], [310.56, 60.912720000000036, 338.47332, 68.95272], [310.5626723404313, 60.85825136717244, 338.5080070070144, 68.89828959541876]], "Assembly (16037)": [[362.76354899999995, 60.622894540800075, 430.35889203719995, 68.66293294080003]], "Period": [[310.562677125, 70.22540134079998, 334.8755255502, 78.26543974079993], [310.56, 70.27271999999994, 334.87512, 78.3127199999999], [310.5626723404313, 70.21736310637868, 334.8674758705505, 78.257401334625]], "2/3/2020 - 2/9/2020": [[362.764428, 69.98592754080005, 432.17829936528, 78.0259659408]], "Line": [[42.241608, 143.5436421408, 58.46890453248001, 151.58368054079995], [42.2395, 143.60076000000004, 58.466606383999995, 151.64076], [42.241607411130005, 143.5356017471887, 58.468905148404346, 151.57563997543502]], "Type": [[68.2777242, 143.53461972575997, 85.88050980768, 150.97451220576], [68.2795, 143.58935999999994, 85.857244, 151.02936], [68.27772308746727, 143.5271799586784, 85.8805083191112, 150.96707227974514]], "ScheduledTimeScheduledDaytoRunAirDate/TimeLengthProgram": [[93.8423232, 143.5436421408, 406.14308173439997, 151.70538034079993], [93.8395, 143.60076000000004, 406.1396723744, 151.76076], [93.84232057462125, 143.5356017471887, 406.1430815817343, 151.6973388185212]], "AD-ID/ISCI": [[438.602644125, 143.5436421408, 481.84197064020003, 151.58368054079995], [438.6, 143.60076000000004, 481.882536, 151.64076], [438.60262496218877, 143.5356017471887, 481.83391051546886, 151.57563997543502]], "AmountRemarks": [[516.721156875, 143.5436421408, 596.69786471568, 151.58368054079995], [516.72, 143.60076000000004, 596.673679518, 151.64076], [516.721156875, 143.5356017471887, 596.6978549358572, 151.57563997543502]], "GrossTotal": [[392.88179587499997, 692.0691769908, 434.5061935248, 700.1092153907999], [392.88, 692.11272, 434.50488, 700.15272], [392.8817910904313, 692.0611179251025, 434.5061934866707, 700.1011561533487]], "$5,050.00TotalSpots": [[519.3654258, 692.0691769908, 600.514668702, 700.1092153907999]], "Commission": [[392.88179587499997, 701.1868474908, 437.41751259648, 709.2268858908], [392.88, 701.23272, 437.42940565519996, 709.2727199999999], [392.8817910904313, 701.178826750725, 437.41753156527204, 709.2188649789713]], "($757.50)35": [[523.2956548770001, 701.1868474908, 584.6574807964801, 709.2268858908]], "SalesTax": [[392.88179587499997, 710.3069716158, 428.7007950749999, 718.3470100157999], [392.88, 710.35272, 428.7, 718.39272], [392.8817910904313, 710.2989317129138, 428.7008141519344, 718.33896994116]], "$0.00": [[534.9671418, 710.3069716158, 555.01667349648, 718.3470100157999], [534.96, 710.35272, 555.0294056552001, 718.39272], [534.967160958711, 710.2989317129138, 555.01665414785, 718.33896994116]], "NETTOTAL": [[393.0006762, 721.3052013055201, 443.73699977256, 730.30517826552], [393.0, 721.371, 443.73900000000003, 730.371], [393.00068693412294, 721.2961800295025, 443.7279943225, 730.2961567972422]], "$4,292.50": [[514.6478182404, 721.3052013055201, 554.75171557416, 730.30517826552]], "Due By": [[442.921024125, 736.7079766158, 504.77779386528, 744.7480150158], [438.48, 736.75272, 509.1898742296, 744.79272], [440.6440697186738, 736.6999367129138, 506.94140852604414, 744.7399749411601]], "ThepartiesintendfortheStandardAdvertiserTermsandConditions(\u201cTerms\u201d)locatedat...http": [[40.798723679999995, 756.67020940368, 599.50753459272, 762.67019404368], [40.7995, 756.708, 599.508, 762.708], [40.798722068676, 756.6642381394804, 599.5015202054252, 762.6642226513069]], "//sbgi.net/?p=1224...tobepartoftheiragreement,andthesaleofadvertisingisexpresslysubjecttosaidTerms.": [[40.798723679999995, 756.67020940368, 599.50753459272, 762.67019404368], [40.7995, 756.708, 599.508, 762.708], [40.798722068676, 756.6642381394804, 599.5015202054252, 762.6642226513069]], "Warranty-Wewarranttheabovebroadcastsweremadeaccordingtotheofficialstationlog.Pleasenotethatwedonotnotarizeinvoicessincethepurposeofplacinganotarysealonadocumentistoguaranty": [[38.51943264, 774.79028020368, 597.1200094548001, 780.79026484368], [38.5195, 774.828, 597.12, 780.828], [38.519431394886, 774.7842660196685, 597.1199944083297, 780.784250531495]], "theauthenticityofanindividual'ssignatureandnottocertifytheaccuracyofcommercialaired.": [[191.15795789999999, 781.7501012536801, 444.10569121151997, 787.7500858936801], [191.16, 781.788, 444.108, 787.788], [191.1579543294525, 781.7441156706694, 444.09967670630556, 787.7441001824959]], "6176196": [[332.28, 39.50123999999994, 371.17319266, 49.461239999999975]], "Acct # 7041": [[412.68, 39.080760000000055, 456.74699048319997, 47.12076000000002]], " 10/21/2018": [[512.16, 39.080760000000055, 604.2264750232, 47.12076000000002], [438.48, 736.75272, 509.1898742296, 744.79272]], "Women Vote (74334)": [[310.56, 51.320760000000064, 441.03732, 59.592719999999986]], "Waterfront Strategies (7591)": [[362.76, 60.68076000000008, 469.47732, 68.72076000000004]], "10/15/2018 - 10/21/2018": [[362.76, 70.03272000000004, 449.9098742296, 78.07272]], "$10,110.00TotalSpots": [[514.92, 692.11272, 600.5401439999999, 700.15272]], "($1,516.50)33": [[516.600144, 701.23272, 584.6694056552001, 709.2727199999999]], "$8,593.50": [[514.6797, 721.371, 554.7333, 730.371]], "7748821": [[332.2815431249738, 39.422046710497966, 371.17153317547394, 49.381962017731325]], "Acct # 95523": [[412.6800768371887, 39.01510340595746, 461.1592515050146, 47.05514163420378]], " 10/4/2020": [[516.6033637121888, 39.01510340595746, 604.2608204763762, 47.05514163420378], [440.6440697186738, 736.6999367129138, 506.94140852604414, 744.7399749411601]], "Betsy Dirksen Londrigan for Congress-D (122283)": [[310.5626723404313, 51.2557479286387, 552.1592714421947, 59.53526017771128]], "Beacon Media (7261)": [[362.7635442154313, 60.614853680999886, 441.88109581719476, 68.6548919092462]], "9/28/2020 - 10/4/2020": [[362.764428, 69.97788908555242, 441.0609644931342, 78.01792731379874]], "$1,835.00TotalSpots": [[519.365444958711, 692.0611179251025, 600.5146685680321, 700.1011561533487]], "($275.25)17": [[523.2956356660976, 701.178826750725, 584.6574806065611, 709.2188649789713]], "$1,559.75": [[514.6478112522892, 721.2961800295025, 554.7517077293376, 730.2961567972422]]}