{"KMAX-AM - AM 840 THE MAX": [[390.6, 40.52479299999993, 565.701407, 52.523792999999955]], "Political_OctNov2018_ (Contract Number": [[38.016, 92.07779299999993, 284.065618, 103.07679299999995], [38.016, 92.07779299999993, 284.065618, 103.07679299999995]], " 540104)": [[38.016, 92.07779299999993, 284.065618, 103.07679299999995], [38.016, 92.07779299999993, 284.065618, 103.07679299999995]], "Net": [[546.264, 92.07779299999993, 565.820222, 103.07679299999995], [546.264, 92.07779299999993, 565.820222, 103.07679299999995]], "Tony Johnson": [[37.008, 109.069793, 112.94509599999999, 120.06879300000003], [37.4641241931, 560.872793, 88.99608189310001, 568.871793], [37.008, 109.069793, 112.94509599999999, 120.06879300000003], [37.4641241931, 483.688793, 88.99608189310001, 491.687793]], "Inland Northwest Broadcasting": [[430.776, 108.85479299999997, 566.682408, 118.853793], [236.6161241931, 560.872793, 348.0045988931, 568.871793], [430.776, 108.85479299999997, 566.682408, 118.853793], [236.6161241931, 483.688793, 348.0045988931, 491.687793]], "Tony Johnson ()": [[37.008, 124.694793, 108.850815, 134.69379300000003], [37.008, 124.694793, 108.850815, 134.69379300000003]], "Mary McCollum (mmccollum@inlandradio.com)": [[360.0, 124.694793, 566.6193360000001, 134.69379300000003], [360.0, 124.694793, 566.6193360000001, 134.69379300000003]], "1114 N Almon Street": [[474.912, 139.09479299999998, 566.770995, 149.093793], [474.912, 139.09479299999998, 566.770995, 149.093793]], "Moscow, ID": [[37.008, 151.19079299999999, 88.68283200000002, 161.189793], [37.008, 151.19079299999999, 88.68283200000002, 161.189793]], "PO Box 8849": [[509.904, 151.19079299999999, 566.83782, 161.189793], [509.904, 151.19079299999999, 566.83782, 161.189793]], "Moscow, ID 83843": [[481.608, 163.286793, 566.8152749999999, 173.285793], [481.608, 163.286793, 566.8152749999999, 173.285793]], "208.882.2551": [[506.232, 177.32679299999995, 566.765946, 187.32579299999998], [506.232, 177.32679299999995, 566.765946, 187.32579299999998]], "Fax": [[37.008, 191.72679299999993, 55.936107, 201.72579299999995], [484.128, 191.72679299999993, 566.7097409999999, 201.72579299999995], [37.008, 191.72679299999993, 55.936107, 201.72579299999995], [484.128, 191.72679299999993, 566.7097409999999, 201.72579299999995]], " 208.883.3571": [[484.128, 191.72679299999993, 566.7097409999999, 201.72579299999995], [484.128, 191.72679299999993, 566.7097409999999, 201.72579299999995]], "Cash": [[38.016, 207.34979299999998, 64.622581, 218.348793], [38.016, 207.34979299999998, 64.622581, 218.348793]], "Description": [[38.016, 224.48679300000003, 95.280273, 234.48579300000006], [38.016, 224.48679300000003, 95.280273, 234.48579300000006]], "St-End": [[124.344, 224.48679300000003, 157.97063699999998, 234.48579300000006], [124.344, 224.48679300000003, 157.97063699999998, 234.48579300000006]], "R/S": [[178.848, 224.48679300000003, 198.206064, 234.48579300000006], [178.848, 224.48679300000003, 198.206064, 234.48579300000006]], "DayPart": [[227.592, 224.48679300000003, 267.91796700000003, 234.48579300000006], [227.592, 224.48679300000003, 267.91796700000003, 234.48579300000006]], "LenMTWTFSSRateAds": [[294.768, 224.48679300000003, 502.03617299999996, 234.48579300000006], [294.768, 224.48679300000003, 502.03617299999996, 234.48579300000006]], "Total": [[540.288, 224.48679300000003, 565.715457, 234.48579300000006], [425.808, 396.711793, 451.959094, 405.710793], [540.288, 224.48679300000003, 565.715457, 234.48579300000006], [425.808, 319.527793, 451.959094, 328.526793]], "Glen Beck, W-10/24/2018 - 1/0[C] / 6:00:00 -": [[38.016, 242.271793, 263.045524, 251.27079300000003]], "600033300$11.05": [[299.376, 242.271793, 476.51997299999994, 251.27079300000003]], "9": [[500.4, 242.271793, 505.30445499999996, 251.27079300000003]], "$99.45": [[538.488, 242.271793, 565.727973, 251.27079300000003]], "F,6a-9am 60": [[38.016, 253.14379299999996, 88.095435, 262.142793], [38.016, 278.847793, 88.095435, 287.846793]], "10/26/2018": [[110.016, 253.14379299999996, 156.126876, 262.142793], [110.016, 330.399793, 156.126876, 339.398793], [110.016, 253.14379299999996, 156.126876, 262.142793]], "9:00:00": [[204.768, 253.14379299999996, 235.643569, 262.142793], [204.768, 278.847793, 235.643569, 287.846793], [204.768, 304.623793, 235.643569, 313.622793]], "Glen Beck, M-10/29/2018 - 1/0[C] / 6:00:00 -": [[38.016, 267.97579299999995, 263.045524, 276.974793]], "603333300$11.0515": [[299.376, 267.97579299999995, 505.31291, 276.974793]], "$165.75": [[533.592, 267.97579299999995, 565.7364279999999, 276.974793]], "11/4/2018": [[110.016, 278.847793, 151.22242100000003, 287.846793]], "Glen Beck, M-11/5/2018 -": [[38.016, 293.75179299999996, 157.296746, 302.750793]], "1/0[C] / 6:00:00 -": [[181.872, 293.75179299999996, 263.045524, 302.750793]], "603300000$11.05": [[299.376, 293.75179299999996, 476.51997299999994, 302.750793]], "6": [[500.4, 293.75179299999996, 505.30445499999996, 302.750793]], "$66.30": [[538.488, 293.75179299999996, 565.727973, 302.750793]], "T,6a-9am 60": [[38.016, 304.623793, 88.653373, 313.622793]], "11/6/2018": [[110.016, 304.623793, 151.22242100000003, 313.622793], [110.016, 381.879793, 151.22242100000003, 390.87879300000003]], "Max Matters, Th, 10/24/2018 - 1/0[C] / 9:00:00 -": [[38.016, 319.527793, 263.045524, 328.526793]], "600001000$11.05": [[299.376, 319.527793, 476.51997299999994, 328.526793]], "1": [[500.4, 319.527793, 505.30445499999996, 328.526793], [500.4, 371.007793, 505.30445499999996, 380.006793]], "$11.05": [[538.488, 319.527793, 565.727973, 328.526793], [538.488, 371.007793, 565.727973, 380.006793]], "9a-10a, 60": [[38.016, 330.399793, 80.76125, 339.398793]], "10:00:00": [[204.768, 330.399793, 240.54802400000003, 339.398793], [204.768, 356.103793, 240.54802400000003, 365.102793], [204.768, 381.879793, 240.54802400000003, 390.87879300000003]], "Max Matters,": [[38.016, 345.231793, 89.283303, 354.230793]], "10/29/2018 - 1/0[C] / 9:00:00 -": [[110.016, 345.231793, 263.045524, 354.230793]], "600101000$11.05": [[299.376, 345.231793, 476.51997299999994, 354.230793]], "2": [[500.4, 345.231793, 505.30445499999996, 354.230793]], "$22.10": [[538.488, 345.231793, 565.727973, 354.230793]], "TuTh,9a-10a 6011/4/2018": [[38.016, 356.103793, 151.22242100000003, 365.102793]], "Max Matters, T, 11/5/2018 -": [[38.016, 371.007793, 157.296746, 380.006793]], "1/0[C] / 9:00:00 -": [[181.872, 371.007793, 263.045524, 380.006793]], "600100000$11.05": [[299.376, 371.007793, 476.51997299999994, 380.006793]], "9-10am 60": [[38.016, 381.879793, 80.878237, 390.87879300000003]], "Discount": [[110.016, 396.711793, 149.71058900000003, 405.710793], [110.016, 319.527793, 149.71058900000003, 328.526793]], "$0.00": [[268.344, 396.711793, 290.679518, 405.710793], [268.344, 319.527793, 290.679518, 328.526793]], "34": [[495.504, 396.711793, 505.31291, 405.710793]], "$375.70": [[533.592, 396.711793, 565.7364279999999, 405.710793]], "Calendar Billing": [[258.336, 433.14179299999995, 345.33808999999997, 444.140793], [258.336, 355.957793, 345.33808999999997, 366.956793]], "Period": [[38.016, 463.598793, 70.31277, 473.597793], [38.016, 386.342793, 70.31277, 396.341793]], "QtyAmountPeriod": [[142.488, 463.598793, 250.31276999999997, 473.597793], [142.488, 386.342793, 250.31276999999997, 396.341793]], "QtyAmount": [[322.488, 463.598793, 393.942051, 473.597793], [322.488, 386.342793, 393.942051, 396.341793]], "10/24/2018-10/31/201820": [[38.016, 481.38379299999997, 160.14491000000004, 490.382793]], "$221.0011/1/2018-11/6/2018": [[181.8, 481.38379299999997, 303.695479, 490.382793]], "14": [[330.336, 481.38379299999997, 340.14491, 490.382793]], "$154.70": [[361.8, 481.38379299999997, 393.944428, 490.382793]], "Please place 1 spot per hour during the Glen Beck show": [[38.016, 499.38379299999997, 259.847614, 508.382793], [38.016, 422.127793, 259.847614, 431.126793]],