{"Contract #": [[250.44, 37.65599999999995, 290.0, 29.65599999999995]], "27061923": [[294.0, 37.65599999999995, 329.584, 29.65599999999995]], "Changes as of": [[390.66, 37.65599999999995, 448.004, 29.65599999999995]], "9/9/2020 at 11": [[452.0, 37.65599999999995, 528.496, 29.65599999999995]], "38 AM": [[452.0, 37.65599999999995, 528.496, 29.65599999999995]], "Version": [[567.99, 37.65599999999995, 599.998, 29.65599999999995]], "Current State Version 1": [[604.0, 37.65599999999995, 687.592, 29.65599999999995]], "CPE": [[270.89, 48.65599999999995, 290.00199999999995, 40.65599999999995]], "//6267": [[294.0, 48.65599999999995, 316.24, 40.65599999999995]], "Flight": [[423.56, 48.65599999999995, 448.0, 40.65599999999995]], "9/21/20 - 9/27/20": [[452.0, 48.65599999999995, 512.488, 40.65599999999995]], "Station": [[570.22, 48.65599999999995, 599.996, 40.65599999999995]], "KBJR": [[604.0, 48.65599999999995, 624.448, 40.65599999999995]], "Con Type": [[710.89, 48.65599999999995, 750.002, 40.65599999999995]], "POLITICAL/VOTE": [[754.0, 48.65599999999995, 818.912, 40.65599999999995]], "Agency": [[258.44, 59.65599999999995, 290.0, 51.65599999999995]], "SCREEN": [[294.0, 59.65599999999995, 327.336, 51.65599999999995]], "Advertiser": [[405.77, 59.65599999999995, 448.00199999999995, 51.65599999999995]], "Tina Smith for MN": [[452.0, 59.65599999999995, 516.456, 51.65599999999995]], "Market": [[571.55, 59.65599999999995, 599.9979999999999, 51.65599999999995]], "Duluth-Superior": [[604.0, 59.65599999999995, 660.016, 51.65599999999995]], "Total $": [[721.55, 59.65599999999995, 749.9979999999999, 51.65599999999995]], "$23,350.00": [[754.0, 59.65599999999995, 794.032, 51.65599999999995]], "STRATEGIES ME": [[294.0, 67.65599999999995, 358.904, 59.65599999999995]], "Senate": [[452.0, 67.65599999999995, 477.352, 59.65599999999995]], "Product": [[415.11, 78.65599999999995, 447.998, 70.65599999999995]], "Candidate": [[452.0, 78.65599999999995, 488.464, 70.65599999999995]], "Office": [[574.66, 78.65599999999995, 599.996, 70.65599999999995]], "WASHINGTON": [[604.0, 78.65599999999995, 659.112, 70.65599999999995]], "Total Spots": [[703.78, 78.65599999999995, 750.0039999999999, 70.65599999999995]], "99": [[754.0, 78.65599999999995, 762.896, 70.65599999999995]], "STRATEGIES MEDIA": [[294.0, 86.656, 372.24, 78.65599999999995]], "11150 FAIRFAX BLVD": [[294.0, 94.656, 375.368, 86.656]], "SUITE 505 FAIRFAX": [[294.0, 102.656, 369.136, 94.656]], "VA 22030": [[294.0, 110.656, 329.13599999999997, 102.656]], "125 West 55th St": [[19.0, 124.226, 80.36800000000001, 116.226]], "Agency Order #": [[385.76, 121.656, 448.0, 113.656]], "Service": [[568.87, 121.656, 599.998, 113.656]], "Nielsen": [[604.0, 121.656, 630.672, 113.656]], "Total CPP": [[709.55, 121.656, 749.9979999999999, 113.656]], "$0.00": [[754.0, 121.656, 774.016, 113.656]], "New York, NY 10019": [[19.0, 132.226, 93.69600000000003, 124.226]], "Buyer": [[422.66, 132.656, 447.99600000000004, 124.656]], "Carolilne Wait": [[452.0, 132.656, 501.784, 124.656]], "Primary Demo": [[543.1, 132.656, 600.004, 124.656]], "Adults 35+": [[604.0, 132.656, 642.024, 124.656]], "Total GRP": [[708.66, 132.656, 749.996, 124.656]], "Salesperson": [[397.76, 143.656, 448.0, 135.656]], "JENNA NUBAR": [[452.0, 143.656, 508.44800000000004, 135.656]], "Assistant": [[561.33, 143.656, 600.0020000000001, 135.656]], "Traffic #": [[716.22, 143.656, 750.004, 135.656]], "587398": [[754.0, 143.656, 780.688, 135.656]], "202-872-5880": [[452.0, 151.656, 501.808, 143.656]], "Separation": [[403.99, 162.656, 447.998, 154.656]], "Comments": [[246.0, 173.656, 290.0, 165.656]], "Kickback Orders": [[294.0, 173.656, 352.68, 165.656]], "9/21 - 9/27": [[495.95, 194.906, 534.198, 186.906]], "Total": [[681.8, 195.656, 700.912, 187.656]], "A35P": [[310.11, 206.156, 330.11800000000005, 198.156]], "#": [[47.58, 210.156, 52.028, 202.156]], "Day/Time": [[56.03, 210.156, 91.59800000000001, 202.156]], "DP": [[119.45, 210.156, 130.562, 202.156]], "Program": [[138.97, 210.156, 171.86599999999999, 202.156]], "Rate": [[283.51, 210.156, 300.84599999999995, 202.156]], "Len": [[340.29, 210.156, 354.514, 202.156]], "9/21": [[360.93, 210.156, 376.498, 202.156]], "9/22": [[385.32, 210.156, 400.888, 202.156]], "9/23": [[409.72, 210.156, 425.288, 202.156]], "9/24": [[434.11, 210.156, 449.678, 202.156]], "9/25": [[458.5, 210.156, 474.068, 202.156]], "9/26": [[482.9, 210.156, 498.46799999999996, 202.156]], "9/27": [[507.29, 210.156, 522.858, 202.156]], "Spots": [[678.69, 210.156, 700.914, 202.156]], "$": [[745.25, 210.156, 749.698, 202.156]], "CPP*": [[764.29, 210.156, 783.8499999999999, 202.156]], "GRP*": [[797.55, 210.156, 817.9979999999999, 202.156]], "Rating": [[305.23, 214.156, 330.118, 206.156]], "M-F": [[56.03, 224.656, 70.24600000000001, 216.656]], "1": [[47.584, 232.656, 52.032000000000004, 224.656]], "5a-5": [[56.03, 232.656, 87.606, 224.656]], "30a": [[56.03, 232.656, 87.606, 224.656]], "EM": [[119.45, 232.656, 131.45, 224.656]], "5a News": [[138.97, 232.656, 170.09, 224.656]], "$60.00": [[276.38, 232.656, 300.844, 224.656]], "0.0": [[319.0, 232.656, 330.12, 224.656]], "30": [[345.62, 232.656, 354.51599999999996, 224.656]], "0": [[488.46, 232.656, 492.90799999999996, 224.656]], "5": [[696.46, 232.656, 700.908, 224.656]], "$300.00": [[720.78, 232.656, 749.692, 224.656]], "2": [[47.584, 251.156, 52.032000000000004, 243.156]], "30a-6a": [[56.03, 251.156, 87.606, 243.156]], "530a News": [[138.97, 251.156, 178.986, 243.156]], "$80.00": [[276.38, 251.156, 300.844, 243.156]], "$400.00": [[720.78, 251.156, 749.692, 243.156]], "3": [[47.584, 269.656, 52.032000000000004, 261.656]], "6a-6": [[56.03, 269.656, 87.606, 261.656]], "6a News": [[138.97, 269.656, 170.09, 261.656]], "$150.00": [[271.94, 269.656, 300.852, 261.656]], "$750.00": [[720.78, 269.656, 749.692, 261.656]], "4": [[47.584, 288.156, 52.032000000000004, 280.156]], "6": [[56.03, 288.156, 87.606, 280.156]], "30a-7a": [[56.03, 288.156, 87.606, 280.156]], "630a News": [[138.97, 288.156, 178.986, 280.156]], "$180.00": [[271.94, 288.156, 300.852, 280.156]], "$900.00": [[720.78, 288.156, 749.692, 280.156]], "7a-8a": [[56.03, 306.656, 76.48600000000002, 298.656]], "Today Show": [[138.97, 306.656, 183.43400000000003, 298.656]], "$200.00": [[271.94, 306.656, 300.852, 298.656]], "$1,000.00": [[714.11, 306.656, 749.694, 298.656]], "8a-9a": [[56.03, 325.156, 76.48600000000002, 317.156]], "$75.00": [[276.38, 325.156, 300.844, 317.156]], "$375.00": [[720.78, 325.156, 749.692, 317.156]], "Sa": [[56.03, 335.656, 65.814, 327.656]], "7": [[47.584, 343.656, 52.032000000000004, 335.656]], "Sa 6a News": [[138.97, 343.656, 182.098, 335.656]], "$25.00": [[276.38, 343.656, 300.844, 335.656]], "8": [[47.584, 362.156, 52.032000000000004, 354.156]], "Sa 630a News": [[138.97, 362.156, 190.994, 354.156]], "9": [[47.584, 380.656, 52.032000000000004, 372.656]], "7a-9a": [[56.03, 380.656, 76.48600000000002, 372.656]], "Sat Today": [[138.97, 380.656, 175.434, 372.656]], "$50.00": [[276.38, 380.656, 300.844, 372.656]], "Su": [[56.03, 391.156, 65.814, 383.156]], "10": [[43.134, 399.156, 52.029999999999994, 391.156]], "Sun 6a News": [[138.97, 399.156, 186.546, 391.156]], "11": [[43.134, 417.656, 52.029999999999994, 409.656]], "Su 630a News": [[138.97, 417.656, 190.994, 409.656]], "12": [[43.134, 436.156, 52.029999999999994, 428.156]], "Sun Today": [[138.97, 436.156, 177.65800000000002, 428.156]], "13": [[43.134, 454.656, 52.029999999999994, 446.656]], "9a-10a": [[56.03, 454.656, 80.934, 446.656]], "DY": [[119.45, 454.656, 130.562, 446.656]], "Today II": [[138.97, 454.656, 167.874, 446.656]], "$100.00": [[271.94, 454.656, 300.852, 446.656]], "14": [[43.134, 473.156, 52.029999999999994, 465.156]], "10a-11a": [[56.03, 473.156, 85.382, 465.156]], "Today III": [[138.97, 473.156, 170.09799999999998, 465.156]], "15": [[43.134, 491.656, 52.029999999999994, 483.656]], "11a-12n": [[56.03, 491.656, 85.382, 483.656]], "The Jason Show": [[138.97, 491.656, 198.55400000000003, 483.656]],