{"Contract": [[516.8873871687188, 28.32994703874317, 565.7630187234187, 43.08708216999321]], "Contract #": [[461.8893891764414, 49.05795740699591, 565.9017357936525, 57.91223848574589]], " CON-NOR-CS-3526": [[461.8893891764414, 49.05795740699591, 565.9017357936525, 57.91223848574589]], "Product": [[456.57682052919137, 59.092809296245946, 565.4855845829512, 67.94709037499592]], " Rate/Volume Agreement": [[456.57682052919137, 59.092809296245946, 565.4855845829512, 67.94709037499592]], "Type": [[512.0636486226913, 69.12766118549587, 566.0216375165938, 77.98194226424584], [130.1489914259414, 321.7698146324959, 146.20881266090248, 330.6240957112459], [130.1489914259414, 487.0497281024958, 146.20881266090248, 495.90400918124584]], " NATIONAL": [[512.0636486226913, 69.12766118549587, 566.0216375165938, 77.98194226424584]], "Advertiser": [[400.49970703044136, 89.19736496399594, 566.2990716570614, 98.05164604274592]], " JENNIFER KIGGANS FOR CONGRESS": [[400.49970703044136, 89.19736496399594, 566.2990716570614, 98.05164604274592]], "05-16-2022": [[526.11059662575, 109.2670687424959, 564.1308795779024, 118.12134982124587]], "2384 MAY 2022 WNIS": [[493.64489933699997, 119.30192063174593, 564.5282154413113, 128.1562017104959]], "CLASS OF TIME": [[113.1, 151.98400000000004, 364.536, 163.98400000000004]], " See \"Invoice Notes\" below": [[113.1, 151.98400000000004, 364.536, 163.98400000000004]], "Eastman": [[28.619901722941407, 165.93446764649593, 58.2562872786525, 174.7887487252459]], "125 WEST 55TH STREET 3RD FLOOR": [[439.92892745924996, 165.93446764649593, 566.1426460246702, 174.7887487252459]], "(757) 640-8500": [[28.5, 175.96931953574597, 78.91627646240251, 184.82360061449594]], "NEW YORK NY": [[516.7859318646913, 175.96931953574597, 566.8893570623113, 184.82360061449594]], "999 Waterside Dr .Suite 500": [[28.5, 186.0041714249959, 119.64596942465249, 194.85845250374587]], "10019": [[544.99972959375, 186.0041714249959, 565.9017357936525, 194.85845250374587]], "Norfolk VA": [[28.619901722941407, 196.03902331424592, 62.7856209788114, 204.8933043929959]], "US 23510": [[28.619901722941407, 206.07387520349596, 61.207714304902495, 214.92815628224594]], "power@wtar.com": [[28.5, 216.10872709274588, 84.636142039275, 224.96300817149586]], "Description": [[33.9324703701914, 261.56070329699594, 72.85699677751126, 270.4149843757459], [33.9324703701914, 426.8406167669958, 72.85699677751126, 435.69489784574586]], "Run Dates": [[146.0866973676914, 261.56070329699594, 180.44536616540248, 270.4149843757459], [146.0866973676914, 426.8406167669958, 180.44536616540248, 435.69489784574586]], "Run Weeks": [[293.65804868019137, 261.56070329699594, 332.1487153146525, 270.4149843757459], [293.65804868019137, 426.8406167669958, 332.1487153146525, 435.69489784574586]], "Cost": [[370.39515136269137, 261.56070329699594, 385.8735414734812, 270.4149843757459], [533.9042086169413, 321.7698146324959, 549.3825987277312, 330.6240957112459], [370.39515136269137, 426.8406167669958, 385.8735414734812, 435.69489784574586], [533.9042086169413, 487.0497281024958, 549.3825987277312, 495.90400918124584]], "Broadcast Month": [[448.31282485569136, 261.5347630868051, 502.15091202665246, 270.3890441655551], [448.31282485569136, 426.81467655680507, 502.15091202665246, 435.66895763555505]], "Spots": [[526.8207837539414, 261.56070329699594, 546.4223174204025, 270.4149843757459], [526.8207837539414, 426.8406167669958, 546.4223174204025, 435.69489784574586]], "Custom package / #1": [[33.9324703701914, 281.6304070754959, 103.1179780776525, 290.4846881542459]], "05-17-2022 to 05-20-2022": [[145.96679564475, 281.6304070754959, 231.20991101690248, 290.4846881542459]], "All Weeks": [[293.65804868019137, 281.6304070754959, 325.212861802965, 290.4846881542459], [293.65804868019137, 446.91032054549584, 325.212861802965, 455.76460162424587]], "Based on Rate & Volume": [[370.39515136269137, 281.6304070754959, 451.97665258040246, 290.4846881542459], [370.39515136269137, 446.91032054549584, 451.97665258040246, 455.76460162424587]], "16": [[532.308593380875, 281.6304070754959, 540.8146060705275, 290.4846881542459]], "Station": [[33.9324703701914, 301.70011085399585, 92.4297540304664, 310.55439193274583], [33.9324703701914, 466.98002432399585, 92.4297540304664, 475.8343054027459]], " WNIS-AM": [[33.9324703701914, 301.70011085399585, 92.4297540304664, 310.55439193274583], [33.9324703701914, 466.98002432399585, 92.4297540304664, 475.8343054027459]], "Daypart": [[33.9324703701914, 321.7698146324959, 60.03599777548125, 330.6240957112459], [33.9324703701914, 487.0497281024958, 60.03599777548125, 495.90400918124584]], "Length": [[194.7852433008164, 321.7698146324959, 218.36234917163625, 330.6240957112459], [194.7852433008164, 487.0497281024958, 218.36234917163625, 495.90400918124584]], "Rate": [[248.7963578811914, 321.7698146324959, 264.2658937109025, 330.6240957112459], [248.7963578811914, 487.0497281024958, 264.2658937109025, 495.90400918124584]], "MonTueWedThuFriSatSunTotal": [[291.29690705919137, 321.7698146324959, 508.5230429763262, 330.6240957112459], [291.29690705919137, 487.0497281024958, 508.5230429763262, 495.90400918124584]], "06:00am - 10:00am": [[33.81256864725, 341.8395184109958, 97.62242095477498, 350.69379948974586], [33.81256864725, 507.1194318809958, 97.62242095477498, 515.9737129597459]], "REGULAR": [[130.1489914259414, 341.8395184109958, 164.74857045467013, 350.69379948974586], [130.1489914259414, 361.90922218949584, 164.74857045467013, 370.76350326824587], [130.1489914259414, 381.97892596799585, 164.74857045467013, 390.8332070467459], [130.1489914259414, 507.1194318809958, 164.74857045467013, 515.9737129597459], [130.1489914259414, 527.1891356594958, 164.74857045467013, 536.0434167382459], [130.1489914259414, 547.2588394379959, 164.74857045467013, 556.1131205167459]], "30sec": [[196.141055091, 341.8395184109958, 216.60034723696498, 350.69379948974586], [196.141055091, 361.90922218949584, 216.60034723696498, 370.76350326824587], [196.141055091, 381.97892596799585, 216.60034723696498, 390.8332070467459], [196.141055091, 507.1194318809958, 216.60034723696498, 515.9737129597459], [196.141055091, 527.1891356594958, 216.60034723696498, 536.0434167382459], [196.141055091, 547.2588394379959, 216.60034723696498, 556.1131205167459]], "$51.00": [[245.13474372674997, 341.8395184109958, 267.8076061424025, 350.69379948974586], [245.13474372674997, 361.90922218949584, 267.8076061424025, 370.76350326824587], [245.13474372674997, 381.97892596799585, 267.8076061424025, 390.8332070467459], [245.13474372674997, 507.1194318809958, 267.8076061424025, 515.9737129597459], [245.13474372674997, 527.1891356594958, 267.8076061424025, 536.0434167382459], [245.13474372674997, 547.2588394379959, 267.8076061424025, 556.1131205167459]], "0": [[296.194431280875, 341.8395184109958, 300.5684461337775, 350.69379948974586], [437.27264313562495, 341.8395184109958, 441.64665798852747, 350.69379948974586], [465.60634258762497, 341.8395184109958, 469.9803574405275, 350.69379948974586], [296.194431280875, 361.90922218949584, 300.5684461337775, 370.76350326824587], [437.27264313562495, 361.90922218949584, 441.64665798852747, 370.76350326824587], [465.60634258762497, 361.90922218949584, 469.9803574405275, 370.76350326824587], [296.194431280875, 381.97892596799585, 300.5684461337775, 390.8332070467459], [437.27264313562495, 381.97892596799585, 441.64665798852747, 390.8332070467459], [465.60634258762497, 381.97892596799585, 469.9803574405275, 390.8332070467459], [437.27264313562495, 507.1194318809958, 441.64665798852747, 515.9737129597459], [465.60634258762497, 507.1194318809958, 469.9803574405275, 515.9737129597459], [437.27264313562495, 527.1891356594958, 441.64665798852747, 536.0434167382459], [465.60634258762497, 527.1891356594958, 469.9803574405275, 536.0434167382459], [437.27264313562495, 547.2588394379959, 441.64665798852747, 556.1131205167459], [465.60634258762497, 547.2588394379959, 469.9803574405275, 556.1131205167459]],