{"STATION:": [[16.0, 776.93, 63.22, 786.93], [16.0, 776.93, 63.22, 786.93]], "KNMF-FM": [[106.0, 776.93, 152.1, 786.93], [106.0, 776.93, 152.1, 786.93]], "ORDER#:": [[261.0, 776.93, 306.0, 786.93], [261.0, 776.93, 306.0, 786.93]], "3177953": [[311.0, 776.93, 349.92, 786.93], [311.0, 776.93, 349.92, 786.93]], "DATE:": [[391.0, 776.93, 421.55, 786.93], [391.0, 776.93, 421.55, 786.93]], "10/05/2020": [[451.0, 776.93, 501.04, 786.93], [451.0, 776.93, 501.04, 786.93]], "MARKET:": [[16.0, 761.573, 62.099999999999994, 771.573], [16.0, 761.573, 62.099999999999994, 771.573]], "Unmeasured Market": [[106.0, 761.573, 196.58, 771.573], [106.0, 761.573, 196.58, 771.573]], "AMOUNT:": [[261.0, 761.573, 308.21, 771.573], [261.0, 761.573, 308.21, 771.573]], "$1,480.00": [[311.0, 761.573, 355.48, 771.573], [311.0, 761.573, 355.48, 771.573]], "AGENCY:": [[391.0, 761.573, 437.10999999999996, 771.573], [16.0, 662.617, 62.11, 672.617], [391.0, 761.573, 437.10999999999996, 771.573], [16.0, 662.617, 62.11, 672.617]], "MEDIA FINANCIAL SERVICES": [[451.0, 761.573, 591.03, 771.573], [106.0, 662.617, 246.03, 672.617], [451.0, 647.26, 591.03, 657.26], [451.0, 761.573, 591.03, 771.573], [106.0, 662.617, 246.03, 672.617], [451.0, 647.26, 591.03, 657.26]], "REP:": [[16.0, 746.2159999999999, 39.89, 756.2159999999999], [16.0, 746.2159999999999, 39.89, 756.2159999999999]], "Regional Reps Non-Rep": [[106.0, 746.2159999999999, 214.37, 756.2159999999999], [106.0, 746.2159999999999, 214.37, 756.2159999999999]], "SPOTS:": [[261.0, 746.2159999999999, 298.22999999999996, 756.2159999999999], [261.0, 746.2159999999999, 298.22999999999996, 756.2159999999999]], "37": [[311.0, 746.2159999999999, 322.12, 756.2159999999999], [311.0, 746.2159999999999, 322.12, 756.2159999999999]], "Invoices@MediaFinancial.com": [[451.0, 746.2159999999999, 586.74, 756.2159999999999], [451.0, 631.9029999999999, 586.74, 641.9029999999999], [451.0, 746.2159999999999, 586.74, 756.2159999999999], [451.0, 631.9029999999999, 586.74, 641.9029999999999]], "MOD:": [[16.0, 730.8589999999999, 42.66, 740.8589999999999], [16.0, 730.8589999999999, 42.66, 740.8589999999999]], " Stn Ver: 1  Last:": [[106.0, 730.8589999999999, 180.49, 740.8589999999999], [106.0, 730.8589999999999, 180.49, 740.8589999999999]], "SALES OFFICE:": [[16.0, 715.501, 92.12, 725.501], [16.0, 715.501, 92.12, 725.501]], "PHILADELPHIA": [[106.0, 715.501, 177.69, 725.501], [106.0, 715.501, 177.69, 725.501]], "SLS PH:": [[261.0, 715.501, 300.45, 725.501], [261.0, 715.501, 300.45, 725.501]], "412 421 2600": [[311.0, 715.501, 372.16, 725.501], [311.0, 715.501, 372.16, 725.501]], " ": [[451.0, 715.501, 453.78, 725.501], [451.0, 715.501, 453.78, 725.501]], "SALESPERSON:": [[16.0, 700.144, 94.9, 710.144], [16.0, 700.144, 94.9, 710.144]], "Roger Rafson": [[106.0, 700.144, 167.69, 710.144], [106.0, 700.144, 167.69, 710.144]], "SLS FAX:": [[261.0, 700.144, 306.56, 710.144], [261.0, 700.144, 306.56, 710.144]], "412 421 6001": [[311.0, 700.144, 372.16, 710.144], [311.0, 700.144, 372.16, 710.144]], "SLS EMAIL:": [[16.0, 684.7869999999999, 72.67, 694.7869999999999], [16.0, 684.7869999999999, 72.67, 694.7869999999999]], "Roger.Rafson@GenMediaPartners.com": [[106.0, 684.7869999999999, 283.43, 694.7869999999999], [106.0, 684.7869999999999, 283.43, 694.7869999999999]], "AGY CLI:": [[261.0, 662.617, 304.89, 672.617], [261.0, 662.617, 304.89, 672.617]], "CONTRACT # FOR INVOICING 4390162": [[391.0, 662.617, 576.04, 672.617], [391.0, 662.617, 576.04, 672.617]], "ADVERTISER:": [[16.0, 647.26, 83.78, 657.26], [16.0, 647.26, 83.78, 657.26]], "People for Ben": [[106.0, 647.26, 172.15, 657.26], [106.0, 647.26, 172.15, 657.26]], "AGY PRD:": [[261.0, 647.26, 309.89, 657.26], [261.0, 647.26, 309.89, 657.26]], "INVOICE:": [[391.0, 647.26, 435.45, 657.26], [391.0, 647.26, 435.45, 657.26]], "PRODUCT:": [[16.0, 631.9029999999999, 68.77, 641.9029999999999], [16.0, 631.9029999999999, 68.77, 641.9029999999999]], "Est 8997 10/6-10/12 Candidate": [[106.0, 631.9029999999999, 244.42000000000004, 641.9029999999999], [106.0, 631.9029999999999, 244.42000000000004, 641.9029999999999]], "AGY EST:": [[261.0, 631.9029999999999, 308.22999999999996, 641.9029999999999], [261.0, 631.9029999999999, 308.22999999999996, 641.9029999999999]], "8997": [[311.0, 631.9029999999999, 333.24, 641.9029999999999], [311.0, 631.9029999999999, 333.24, 641.9029999999999]], "FLIGHT:": [[16.0, 616.5459999999999, 55.44, 626.5459999999999], [16.0, 616.5459999999999, 55.44, 626.5459999999999]], "10-06-2020 TO 10/12/2020": [[106.0, 616.5459999999999, 226.63000000000002, 626.5459999999999], [106.0, 616.5459999999999, 226.63000000000002, 626.5459999999999]], "[X]Unwired [ ]Spot [ ]Mod": [[261.0, 616.5459999999999, 372.16, 626.5459999999999], [261.0, 616.5459999999999, 372.16, 626.5459999999999]], "TOT # OF DAYS:": [[16.0, 584.376, 94.9, 594.376], [16.0, 584.376, 94.9, 594.376]], "7": [[106.0, 584.376, 111.56, 594.376], [106.0, 584.376, 111.56, 594.376]], "PRIM. DEMO:": [[16.0, 569.019, 79.89, 579.019], [16.0, 569.019, 79.89, 579.019]], "Adults 35+": [[106.0, 569.019, 153.53, 579.019], [106.0, 569.019, 153.53, 579.019]], "[X]Cash [ ]Trade": [[261.0, 569.019, 333.81, 579.019], [261.0, 569.019, 333.81, 579.019]], "SEC. DEMO:": [[16.0, 553.661, 75.45, 563.661], [16.0, 553.661, 75.45, 563.661]], "SPOT TYPE:": [[261.0, 553.661, 320.46, 563.661], [261.0, 553.661, 320.46, 563.661]], "LAST SENT:": [[391.0, 553.661, 449.89, 563.661], [391.0, 553.661, 449.89, 563.661]], "10/05/2020 14:24": [[451.0, 553.661, 528.8399999999999, 563.661], [451.0, 553.661, 528.8399999999999, 563.661]], "COMMENTS": [[15.0, 517.304, 73.33, 527.304]], "10/05/2020: This is a new order.  Please confirm receipt of order in Radio Exchange (if you are set up) or by email at": [[40.0, 494.944, 534.5900000000001, 504.944]], "joyce.vordenbaum@genmediapartners.com (WITH CALL LETTERS IN SUBJECT LINE) within 24 hours. Thank you.": [[40.0, 484.944, 553.7800000000004, 494.944]], "**PLEASE NOTE THAT MFS SHOULD RECEIVE PAYMENT FROM THE AGENCY ON THIS BUY VIA OVERNIGHT": [[40.0, 474.944, 575.2100000000004, 484.944]], "MAIL PRIOR TO START DATE. MFS WILL THEN EMAIL YOU PROOF OF PAYMENT INFORMATION AS SOON AS": [[40.0, 464.944, 577.7000000000004, 474.944]], "POSSIBLE.**": [[40.0, 454.944, 101.36, 464.944]], "THIS IS AN UNWIRED NETWORK ORDER. SEND INVOICES ELECTRONICALLY OR TO INVOICES@MEDIA": [[40.0, 400.681, 550.1900000000005, 410.681]], "FINANCIAL.COM BY THE 3RD OF THE MTH AFTER THE BROADCAST MTH HAS AIRED. MFS ELECTRONIC": [[40.0, 390.681, 556.8800000000006, 400.681]], "INVOICES: RADIOINVOICES.COM: RI12580 OR 9912580; MARKETRON: 120873; SpotData: IDB#1828;": [[40.0, 380.681, 508.4500000000001, 390.681]], "EMEDIATRADE:EMT10263.\nONLY UPON PAYMENT FROM THE AGY WILL MFS REMIT TO STATION. PAYMENT TO STATION WILL BE": [[40.0, 356.418, 169.64, 380.681]], "PROCESSED WITHIN 7 DAYS AFTER RECEIPT FROM AGENCY.\nRates are agency gross. By accepting and running this order this station agrees to pay Regional Reps 15% commission on the gross": [[40.0, 332.155, 343.7200000000001, 356.418]], "amount of this order. Invoices/affidavits of performance are due no later than 7 days after the end of each broadcast month.": [[40.0, 322.155, 567.44, 332.155]], "DAY#1": [[18.0, 287.252, 50.230000000000004, 297.252]], "10/6/2020 To 10/6/2020": [[133.0, 287.252, 239.74, 297.252]], "TOT $200.00": [[395.5, 287.252, 454.42, 297.252], [395.5, 118.25200000000001, 454.42, 128.252], [395.5, 474.30400000000003, 454.42, 484.30400000000003], [395.5, 305.30400000000003, 454.42, 315.30400000000003]], "TOTAL SPOTS 5": [[495.5, 287.252, 573.8499999999999, 297.252], [495.5, 118.25200000000001, 573.8499999999999, 128.252], [495.5, 474.30400000000003, 573.8499999999999, 484.30400000000003], [495.5, 305.30400000000003, 573.8499999999999, 315.30400000000003]],