{"Aug 22, 2019, 5": [[36.3981631375, 52.41941871400002, 120.86983436914001, 60.67683051400002]], "04 PM": [[36.3981631375, 52.41941871400002, 120.86983436914001, 60.67683051400002]], "From": [[36.3981631375, 88.21905223600004, 248.39565072597998, 98.72848543600003]], " Kathy Floyd <kfloyd@post.state.nv.us>": [[36.3981631375, 88.21905223600004, 248.39565072597998, 98.72848543600003]], "To": [[36.3981631375, 102.48185443600005, 270.2173627550798, 112.99128763600004]], " Invisible Institute <foia@invisibleinstitute.com>": [[36.3981631375, 102.48185443600005, 270.2173627550798, 112.99128763600004]], "Hello Ms. Floyd": [[36.3981631375, 501.84031603599993, 108.81446354542, 512.349749236]], "This is an email for Mr. Sherlock, whom I just spoke with on the phone. To clarify regarding this request": [[36.3981631375, 531.867268036, 575.3628093556, 542.376701236]], " We are only": [[36.3981631375, 531.867268036, 575.3628093556, 542.376701236]], "seeking the information requested that can be provided in a digital spreadsheet format, and that we understand": [[36.3981631375, 546.8807440359999, 552.2738848847201, 557.390177236]], "there are some data points that are not maintained or cannot be released by POST.": [[36.3981631375, 561.894220036, 423.73000472032, 572.403653236]], "Please contact me with any further questions.": [[36.3981631375, 591.9211720359999, 248.45750624710007, 602.430605236]], "Thank you": [[36.3981631375, 621.9481240359999, 85.47091052158001, 632.457557236]], "On August 20, 2019 at 10:13 AM, Kathy Floyd (kfloyd@post.state.nv.us) wrote:": [[36.3981631375, 666.9885520359999, 403.20132831172, 677.497985236]], "<Signed letter - Invisible Institute.pdf>": [[45.253771875244, 717.2836966359998, 221.10181195092395, 727.7931298359999]]}